ID;DESC_CLASIFICACION;COD_BARRIO;BARRIO;COD_DISTRITO;DISTRITO;ESTADO;COORD_GIS_X;COORD_GIS_Y;SISTEMA_COORD;LATITUD;LONGITUD;TIPO_VIA;NOM_VIA;NUM_VIA;COD_POSTAL;DIRECCION_AUX;NDP;FECHA_INSTALACION;CODIGO_INTERNO;CONTRATO_COD;TOTAL_ELEM
"3568711";"Circuito deportivo elemental";"085";"LA PAZ";"08";"FUENCARRAL - EL PARDO";"OPERATIVO";"440597.409";"4481480.158";"ETRS89";40.48188794;-3.70085782;"CALLE";"PEDRO RICO";"1";"28029";"PARQUE NORTE 3 (ANTONIO LOPEZ AGUADO)";"20103366";"2017-03-08 00:00:00.0";"D0852";"AE21";5
"3569210";"Circuito deportivo elemental";"087";"MIRASIERRA";"08";"FUENCARRAL - EL PARDO";"OPERATIVO";"438497.359";"4482668.087";"ETRS89";40.49243629;-3.72574854;"CALLE";"MARIA DE MAEZTU";"108";"28049";"CALLE MARIA DE MAEZTU, 108 C/V SENDA DEL INFANTE";"31052003";"2017-10-09 00:00:00.0";"D0854";"AE21";9
"3573005";"Circuito deportivo elemental";"192";"VALDEBERNARDO";"19";"VICALVARO";"OPERATIVO";"446968.129";"4472539.445";"ETRS89";40.40177619;-3.62495143;"CALLE";"LADERA DE LOS ALMENDROS";"14E";"28032";"LADERA DE LOS ALMENDROS, 000014  E";"20151600";"2013-10-20 00:00:00.0";"D1950";"AE21";12
"3573016";"Circuito deportivo elemental";"192";"VALDEBERNARDO";"19";"VICALVARO";"OPERATIVO";"447538.376";"4471701.764";"ETRS89";40.39426594;-3.61816273;"AVENIDA";"DEMOCRACIA";"50";"28031";"AVDA DEMOCRACIA, 000050";"20165254";"2013-10-20 00:00:00.0";"D1953";"AE21";11
"3573208";"Circuito deportivo elemental";"183";"ENSANCHE DE VALLECAS";"18";"VILLA DE VALLECAS";"OPERATIVO";"449416.792";"4468380.836";"ETRS89";40.36446482;-3.59576665;"CALLE";"MARIA TERESA LEON";"1G";"28051";"MARÍA TERESA LEÓN, 000001  G";"31026567";"2013-10-20 00:00:00.0";"D1854";"AE21";3
"3573331";"Circuito deportivo elemental";"182";"SANTA EUGENIA";"18";"VILLA DE VALLECAS";"OPERATIVO";"448854.008";"4469974.395";"ETRS89";40.37878642;-3.60252259;"CALLE";"POZA DE LA SAL";"3";"28031";"POZA DE LA SAL, 000003";"11131688";"2013-10-23 00:00:00.0";"D1851";"AE21";5
"3573333";"Circuito deportivo elemental";"181";"CASCO HISTORICO DE VALLECAS";"18";"VILLA DE VALLECAS";"OPERATIVO";"446970.232";"4469259.493";"ETRS89";40.37222835;-3.62465361;"CALLE";"BABILAFUENTE";"2";"28031";"BABILAFUENTE, 000002";"20170570";"2013-10-20 00:00:00.0";"D1853";"AE21";4
"3573466";"Circuito deportivo elemental";"181";"CASCO HISTORICO DE VALLECAS";"18";"VILLA DE VALLECAS";"OPERATIVO";"446183.7";"4469509.077";"ETRS89";40.37442636;-3.63393894;"CARRETERA";"VILLAVERDE A VALLECAS";"289";"28031";"CTRA VILLAVERDE A VALLECAS, 000289";"20180908";"2013-10-20 00:00:00.0";"D1856";"AE21";9
"3963526";"Circuito deportivo elemental";"173";"BUTARQUE";"17";"VILLAVERDE";"OPERATIVO";"442618.92";"4466792.656";"ETRS89";40.34971738;-3.67568386;"AVENIDA";"LOS ROSALES";"116";"28021";"AVDA LOS ROSALES, 000116";"31005158";"2013-12-18 00:00:00.0";"D1752";"AE21";15
"451351";"Circuito deportivo elemental";"085";"LA PAZ";"08";"FUENCARRAL - EL PARDO";"OPERATIVO";"441321.504";"4481281.733";"ETRS89";40.48015194;-3.69229686;"AVENIDA";"MONFORTE DE LEMOS";"8";"28029";;"20095286";"2014-12-01 00:00:00.0";"D0850";"AE21";3
"451442";"Circuito deportivo elemental";"107";"AGUILAS";"10";"LATINA";"OPERATIVO";"435373.69";"4469890.539";"ETRS89";40.37709464;-3.76130634;"CALLE";"ROMPEDIZO";"15";"28044";;"31008043";"2004-01-01 00:00:00.0";"D1053";"AE21";6
"451531";"Circuito deportivo elemental";"101";"LOS CARMENES";"10";"LATINA";"OPERATIVO";"438156.422";"4472917.16";"ETRS89";40.40457098;-3.72882185;"AVENIDA";"CAPRICHOS";"14";"28011";"PARQUE CARAMUEL";"20148982";"2004-01-01 00:00:00.0";"D1055";"AE21";6
"451569";"Circuito deportivo elemental";"101";"LOS CARMENES";"10";"LATINA";"OPERATIVO";"437386.834";"4472392.482";"ETRS89";40.39978694;-3.73783906;"CALLE";"CONCEJAL FRANCISCO JOSE JIMENEZ MARTIN";"5";"28047";;"31012806";"2004-01-01 00:00:00.0";"D1051";"AE21";3
"3568708";"Circuito deportivo elemental";"097";"ARAVACA";"09";"MONCLOA - ARAVACA";"OPERATIVO";"433267.985";"4478349.75";"ETRS89";40.45313183;-3.78699702;"CALLE";"ESCULTOR PERESEJO";"60";"28023";"ESCULTOR PERESEJO, 60-6 (PARQUE ARROYO POZUELO)";"20063772";"2006-01-25 00:00:00.0";"D0950";"AE21";11
"3568959";"Circuito deportivo elemental";"044";"GUINDALERA";"04";"SALAMANCA";"OPERATIVO";"444014.402";"4477014.432";"ETRS89";40.44189596;-3.66015131;"AVENIDA";"BRASILIA";"6";"28028";"AVENIDA DE BRASILIA, 6";"31026007";"2017-06-01 00:00:00.0";"D0451";"AE21";6
"3569421";"Circuito deportivo elemental";"062";"CUATRO CAMINOS";"06";"TETUAN";"OPERATIVO";"440796.973";"4478265.171";"ETRS89";40.45294030;-3.69820345;"AVENIDA";"GENERAL PERON";"5";"28020";;"11029966";"2004-01-01 00:00:00.0";"D0652";"AE21";9
"3573015";"Circuito deportivo elemental";"191";"CASCO HISTORICO DE VICALVARO";"19";"VICALVARO";"OPERATIVO";"449242.72";"4473418.808";"ETRS89";40.40983985;-3.59821817;"PASEO";"POLIDEPORTIVO";"144";"28032";"PASEO POLIDEPORTIVO, 000144";"20154043";"2013-10-23 00:00:00.0";"D1951";"AE21";11
"3573050";"Circuito deportivo elemental";"113";"SAN ISIDRO";"11";"CARABANCHEL";"OPERATIVO";"438262.046";"4471523.777";"ETRS89";40.39202660;-3.72744206;"CALLE";"EL TOBOSO";"25";"28019";"EL TOBOSO, 000025";"11073134";"2017-09-14 00:00:00.0";"D1156";"AE21";13
"3573330";"Circuito deportivo elemental";"182";"SANTA EUGENIA";"18";"VILLA DE VALLECAS";"OPERATIVO";"448301.546";"4470260.534";"ETRS89";40.38133007;-3.60905371;"CALLE";"ZAZUAR";"12";"28031";"ZAZUAR, 000012";"31011883";"2013-10-23 00:00:00.0";"D1850";"AE21";10
"3573332";"Circuito deportivo elemental";"182";"SANTA EUGENIA";"18";"VILLA DE VALLECAS";"OPERATIVO";"448611.623";"4469846.573";"ETRS89";40.37762000;-3.60536754;"CALLE";"POZA DE LA SAL";"19";"28031";"POZA DE LA SAL, 000019";"11131700";"2013-10-23 00:00:00.0";"D1855";"AE21";7
"3573350";"Circuito deportivo elemental";"181";"CASCO HISTORICO DE VALLECAS";"18";"VILLA DE VALLECAS";"OPERATIVO";"447019.825";"4469328.459";"ETRS89";40.37285280;-3.62407520;"CALLE";"BABILAFUENTE";"1";"28031";"BABILAFUENTE, 000001";"20170576";"2013-10-20 00:00:00.0";"D1852";"AE21";11
"3740686";"Circuito deportivo elemental";"052";"PROSPERIDAD";"05";"CHAMARTIN";"OPERATIVO";"443654.16";"4478163.306";"ETRS89";40.45222125;-3.66450074;"CALLE";"PADRE CLARET";"38";"28002";"PARQUE RODIGUEZ DE LA FUENTE";"31041818";"2017-12-01 00:00:00.0";"D0501";"AE21";5
"3971913";"Circuito deportivo elemental";"124";"ALMENDRALES";"12";"USERA";"OPERATIVO";"441061.856";"4470414.013";"ETRS89";40.38223207;-3.69435231;"CALLE";"AÑAFIL";"14";"28026";"AÑAFIL, 000014";"31009895";"2016-02-08 00:00:00.0";"D1253";"AE21";8
"451353";"Circuito deportivo elemental";"085";"LA PAZ";"08";"FUENCARRAL - EL PARDO";"OPERATIVO";"441083.071";"4481248.953";"ETRS89";40.47983976;-3.69510669;"AVENIDA";"MONFORTE DE LEMOS";"12";"28029";"PARQUE NORTE";"20095292";"2015-12-01 00:00:00.0";"D0851";"AE21";13
"451521";"Circuito deportivo elemental";"104";"ALUCHE";"10";"LATINA";"OPERATIVO";"435282.347";"4472326.805";"ETRS89";40.39903440;-3.76262980;"PASEO";"EXTREMADURA";"351";"28011";"CALLE SESEÑA, 34";"11068877";"2004-01-01 00:00:00.0";"D1054";"AE21";11
"451542";"Circuito deportivo elemental";"103";"LUCERO";"10";"LATINA";"OPERATIVO";"436461.177";"4472216.336";"ETRS89";40.39813003;-3.74872863;"CALLE";"CUART DE POBLET";"19";"28047";"PARQUE CUÑA VERDE";"31016351";"2021-05-06 00:00:00.0";"D1056";"AE21";10
"4792788";"Circuito deportivo elemental";"192";"VALDEBERNARDO";"19";"VICALVARO";"OPERATIVO";"447539.093";"4472342.717";"ETRS89";40.40004011;-3.61820709;"CALLE";"CORDEL DE PAVONES";"9";"28032";"CORDEL DE PAVONES, 000009";"31006992";"2017-12-07 00:00:00.0";"D1956";"AE21";8
"4792795";"Circuito deportivo elemental";"192";"VALDEBERNARDO";"19";"VICALVARO";"OPERATIVO";"446881.878";"4472327.78";"ETRS89";40.39986388;-3.62595013;"AUTOVIA";"M-40";"1500EX";"28032";"AUTOV M-40, 001500 EX";"31031401";"2017-12-20 00:00:00.0";"D1954";"AE21";8
"4792812";"Circuito deportivo elemental";"191";"CASCO HISTORICO DE VICALVARO";"19";"VICALVARO";"OPERATIVO";"449811.476";"4473216.056";"ETRS89";40.40804781;-3.59149924;"CALLE";"ABAD JUAN CATALAN";"70";"28032";"ABAD JUAN CATALÁN, 000070";"31037333";"2017-12-18 00:00:00.0";"D1957";"AE21";8
"4795141";"Circuito deportivo elemental";"134";"PALOMERAS SURESTE";"13";"PUENTE DE VALLECAS";"OPERATIVO";"446093.715";"4470974.621";"ETRS89";40.38762312;-3.63512285;"AVENIDA";"MIGUEL HERNANDEZ";"48";"28038";"AVDA MIGUEL HERNÁNDEZ, 000048";"20035278";"2017-06-08 00:00:00.0";"D1355";"AE21";6
"4986445";"Circuito deportivo elemental";"172";"SAN CRISTOBAL";"17";"VILLAVERDE";"OPERATIVO";"441299.281";"4466363.195";"ETRS89";40.34575672;-3.69118255;"CALLE";"BENIFERRI";"2";"28021";"BENIFERRI, 000002";"11126150";"2018-11-30 00:00:00.0";"D1756";"AE21";11
"4988362";"Circuito deportivo elemental";"052";"PROSPERIDAD";"05";"CHAMARTIN";"OPERATIVO";"443204.749";"4476943.933";"ETRS89";40.44120596;-3.66969138;"CALLE";"CORAZON DE MARIA";"18";"28002";"PARQUE PUERTA DE AMERICA";"20120209";"2018-12-20 00:00:00.0";"D0502";"AE21";4
"5056315";"Circuito deportivo elemental";"126";"ZOFIO";"12";"USERA";"OPERATIVO";"439010.211";"4469993.197";"ETRS89";40.37829350;-3.71848076;"AVENIDA";"PRINCESA JUANA DE AUSTRIA";"47";"28021";"AVDA PRINCESA JUANA DE AUSTRIA, 000047";"20127260";"2019-03-22 00:00:00.0";"D1254";"AE21";12
"5175231";"Circuito deportivo elemental";"086";"VALVERDE";"08";"FUENCARRAL - EL PARDO";"OPERATIVO";"441925.662";"4481663.994";"ETRS89";40.48363797;-3.68520443;"AVENIDA";"LLANO CASTELLANO";"3";"28034";"PARQUE DE BEGOÑA";"11047058";"2019-07-18 00:00:00.0";"D0855";"AE21";5
"5197210";"Circuito deportivo elemental";"071";"GAZTAMBIDE";"07";"CHAMBERI";"OPERATIVO";"439610.456";"4476075.538";"ETRS89";40.43312982;-3.71198732;"CALLE";"MELENDEZ VALDES";"32";"28015";;"20013208";"2019-09-09 00:00:00.0";"D0701";"AE21";5
"52070";"Circuito deportivo elemental";"065";"VALDEACEDERAS";"06";"TETUAN";"OPERATIVO";"439810.18";"4479701.686";"ETRS89";40.46581011;-3.70997645;;;;;"PARQUE AGUSTIN RODRIGUEZ SAHAGUN";"31028439";"2006-02-22 00:00:00.0";"D0650";"AE21";19
"52108";"Circuito deportivo elemental";"117";"ABRANTES";"11";"CARABANCHEL";"OPERATIVO";"438845.589";"4469702.123";"ETRS89";40.37565929;-3.72039199;"AVENIDA";"PRINCESA JUANA DE AUSTRIA";"43";"28021";"AVDA PRINCESA JUANA DE AUSTRIA, 000043";"20026320";"2021-04-30 00:00:00.0";"D1150";"AE21";36
"52110";"Circuito deportivo elemental";"116";"BUENAVISTA";"11";"CARABANCHEL";"OPERATIVO";"437755.388";"4469213.208";"ETRS89";40.37117420;-3.73318571;"AVENIDA";"EURO";"12A";"28054";"AVDA EURO, 000012  A";"31045888";"2021-05-06 00:00:00.0";"D1152";"AE21";16
"52121";"Circuito deportivo elemental";"127";"PRADOLONGO";"12";"USERA";"OPERATIVO";"440129.743";"4469313.668";"ETRS89";40.37225312;-3.70522942;"AVENIDA";"POBLADOS";"169";"28041";"AVDA POBLADOS, 000169";"31007159";"2013-08-01 00:00:00.0";"D1250";"AE21";16
"52123";"Circuito deportivo elemental";"121";"ORCASITAS";"12";"USERA";"OPERATIVO";"439874.083";"4468712.145";"ETRS89";40.36681588;-3.70818397;"CALLE";"SIMCA";"4";"28041";"SIMCA, 000004";"31002263";"2013-08-01 00:00:00.0";"D1252";"AE21";6
"4792806";"Circuito deportivo elemental";"191";"CASCO HISTORICO DE VICALVARO";"19";"VICALVARO";"OPERATIVO";"447675.678";"4473620.376";"ETRS89";40.41155868;-3.61670268;"AVENIDA";"DAROCA";"299";"28032";"AVDA DAROCA, 000299";"31041868";"2017-12-12 00:00:00.0";"D1955";"AE21";7
"4794560";"Circuito deportivo elemental";"062";"CUATRO CAMINOS";"06";"TETUAN";"OPERATIVO";"441208.424";"4477835.587";"ETRS89";40.44909962;-3.69331162;"PASEO";"CASTELLANA";"75 B";"28046";;"20181752";"2018-06-18 00:00:00.0";"D0653";"AE21";9
"4985933";"Circuito deportivo elemental";"181";"CASCO HISTORICO DE VALLECAS";"18";"VILLA DE VALLECAS";"OPERATIVO";"446385.044";"4468656.83";"ETRS89";40.36676172;-3.63149564;"CALLE";"PERALES DEL RIO";"14";"28031";"PERALES DEL RÍO, 000014";"31042406";"2018-06-01 00:00:00.0";"D1857";"AE21";6
"4988302";"Circuito deportivo elemental";"194";"EL CAÑAVERAL";"19";"VICALVARO";"OPERATIVO";"452083.521";"4472894.743";"ETRS89";40.40528707;-3.56469902;"CALLE";"ALTO DEL ESPARRAGAL";"214";"28052";"ALTO DEL ESPARRAGAL, 000214";"31047359";"2018-12-20 00:00:00.0";"D1958";"AE21";9
"4990656";"Circuito deportivo elemental";"044";"GUINDALERA";"04";"SALAMANCA";"OPERATIVO";"444017.168";"4476843.826";"ETRS89";40.44035924;-3.66010367;"AVENIDA";"BRASILIA";"4";"28028";"PARQUE LAS AVENIDAS";"31026006";"2019-01-14 00:00:00.0";"D0452";"AE21";15
"5107830";"Circuito deportivo elemental";"145";"FONTARRON";"14";"MORATALAZ";"OPERATIVO";"444361.494";"4473025.978";"ETRS89";40.40598907;-3.65570985;"AVENIDA";"MORATALAZ";"54";"28030";"AVDA MORATALAZ, 000054";"20152921";"2019-05-21 00:00:00.0";"D1454";"AE21";11
"5195385";"Circuito deportivo elemental";"171";"VILLAVERDE ALTO - CASCO HISTORICO DE VILLAVERDE";"17";"VILLAVERDE";"OPERATIVO";"439209.51";"4466641.075";"ETRS89";40.34811036;-3.71581362;"CALLE";"SULFATO";"22E";"28021";"SULFATO, 000022  E";"20162505";"2019-09-25 00:00:00.0";"D1757";"AE21";8
"52042";"Circuito deportivo elemental";"024";"LEGAZPI";"02";"ARGANZUELA";"OPERATIVO";"441938.701";"4470854.699";"ETRS89";40.38626357;-3.68406303;"CALLE";"PUERTO DE LA CRUZ VERDE";"23";"28045";"Parque Enrique Tierno Galván";"20118243";"2021-04-05 00:00:00.0";"D0250";"AE21";12
"5209117";"Circuito deportivo elemental";"105";"CAMPAMENTO";"10";"LATINA";"OPERATIVO";"434271.754";"4471852.528";"ETRS89";40.39468279;-3.77448860;"CALLE";"CINE";"33";"28024";;"11066850";"2019-11-08 00:00:00.0";"D1058";"AE21";3
"52109";"Circuito deportivo elemental";"113";"SAN ISIDRO";"11";"CARABANCHEL";"OPERATIVO";"438192.2";"4472295.049";"ETRS89";40.39896939;-3.72833983;"PASEO";"ERMITA DEL SANTO";"74B";"28019";"PASEO ERMITA DEL SANTO, 000074  B";"31048276";"2004-01-01 00:00:00.0";"D1151";"AE21";26
"52111";"Circuito deportivo elemental";"114";"VISTA ALEGRE";"11";"CARABANCHEL";"OPERATIVO";"436321.807";"4470514.142";"ETRS89";40.38278531;-3.75020063;"CALLE";"FERNANDO DELGADO";"8";"28047";"FERNANDO DELGADO, 000008";"11074893";"2021-05-06 00:00:00.0";"D1153";"AE21";7
"52122";"Circuito deportivo elemental";"121";"ORCASITAS";"12";"USERA";"OPERATIVO";"439068.846";"4468763.844";"ETRS89";40.36722314;-3.71767257;"CALLE";"BEASAIN";"45";"28041";"BEASAIN, 000045";"31030933";"2013-08-01 00:00:00.0";"D1251";"AE21";15
"52130";"Circuito deportivo elemental";"134";"PALOMERAS SURESTE";"13";"PUENTE DE VALLECAS";"OPERATIVO";"446218.377";"4471206.796";"ETRS89";40.38972276;-3.63367377;"CALLE";"RAFAEL FERNANDEZ HIJICOS";"23";"28038";"AVDA MIGUEL HERNÁNDEZ, 000011";"11096620";"2013-08-01 00:00:00.0";"D1350";"AE21";11
"52131";"Circuito deportivo elemental";"131";"ENTREVIAS";"13";"PUENTE DE VALLECAS";"OPERATIVO";"443686.861";"4469940.648";"ETRS89";40.37814925;-3.66338721;"AVENIDA";"ENTREVIAS";"92";"28053";"AVDA ENTREVÍAS, 000092";"11088012";"2013-08-01 00:00:00.0";"D1351";"AE21";11
"52138";"Circuito deportivo elemental";"143";"MARROQUINA";"14";"MORATALAZ";"OPERATIVO";"445697.526";"4473557.912";"ETRS89";40.41086927;-3.64001081;"AVENIDA";"DOCTOR GARCIA TAPIA";"123";"28030";"AVDA DOCTOR GARCÍA TAPIA, 000123";"11101400";"2013-08-01 00:00:00.0";"D1450";"AE21";9
"52141";"Circuito deportivo elemental";"141";"PAVONES";"14";"MORATALAZ";"OPERATIVO";"446857.937";"4472751.371";"ETRS89";40.40367833;-3.62626760;"CALLE";"ATENAS";"6B";"28030";"ATENAS, 000006  B";"20129222";"2013-08-01 00:00:00.0";"D1453";"AE21";1
"5219515";"Circuito deportivo elemental";"072";"ARAPILES";"07";"CHAMBERI";"OPERATIVO";"439726.495";"4476117.506";"ETRS89";40.43351630;-3.71062331;"CALLE";"GALILEO";"35";"28015";;"31044128";"2019-11-28 00:00:00.0";"D0702";"AE21";6
"5220798";"Circuito deportivo elemental";"183";"ENSANCHE DE VALLECAS";"18";"VILLA DE VALLECAS";"OPERATIVO";"449679.035";"4468767.417";"ETRS89";40.36796330;-3.59270862;"CALLE";"ALTO DEL RETIRO";"13";"28051";"ALTO DEL RETIRO, 000013";"31045486";"2020-01-13 00:00:00.0";"D1858";"AE21";8
"52212";"Circuito deportivo elemental";"172";"SAN CRISTOBAL";"17";"VILLAVERDE";"OPERATIVO";"441319.917";"4466329.168";"ETRS89";40.34545163;-3.69093646;"CALLE";"BURJASOT";"6";"28021";"BURJASOT, 000006";"11126090";"2004-01-01 00:00:00.0";"D1751";"AE21";4
"52214";"Circuito deportivo elemental";"175";"ANGELES";"17";"VILLAVERDE";"OPERATIVO";"440142.922";"4467232.006";"ETRS89";40.35350130;-3.70487883;"CALLE";"LA TABERNERA DEL PUERTO";"71";"28041";"LA TABERNERA DEL PUERTO, 000071";"31055514";"2015-04-05 00:00:00.0";"D1754";"AE21";5
"5224222";"Circuito deportivo elemental";"171";"VILLAVERDE ALTO - CASCO HISTORICO DE VILLAVERDE";"17";"VILLAVERDE";"OPERATIVO";"440624.653";"4465016.489";"ETRS89";40.33357704;-3.69900030;"CALLE";"TRANSVERSAL SEXTA";"20";"28021";"TRANSVERSAL SEXTA, 000020";"20161828";"2019-12-18 00:00:00.0";"D1758";"AE21";6
"5653806";"Circuito deportivo elemental";"208";"EL SALVADOR";"20";"SAN BLAS - CANILLEJAS";"OPERATIVO";"446810.056";"4477232.672";"ETRS89";40.44404552;-3.62720670;;;;;;;"2015-07-24 00:00:00.0";;"PV24";10
"5653877";"Circuito deportivo elemental";"093";"CIUDAD UNIVERSITARIA";"09";"MONCLOA - ARAVACA";"OPERATIVO";"438984.052";"4479183.02";"ETRS89";40.46107752;-3.71967055;;;;;;;"2009-12-29 00:00:00.0";;"PV24";2
"5653890";"Circuito deportivo elemental";"093";"CIUDAD UNIVERSITARIA";"09";"MONCLOA - ARAVACA";"OPERATIVO";"438927.647";"4479067.913";"ETRS89";40.46003645;-3.72032471;;;;;;;"2009-12-29 00:00:00.0";;"PV24";1
"5653899";"Circuito deportivo elemental";"093";"CIUDAD UNIVERSITARIA";"09";"MONCLOA - ARAVACA";"OPERATIVO";"438919.845";"4479141.437";"ETRS89";40.46069821;-3.72042380;;;;;;;"2009-12-29 00:00:00.0";;"PV24";2
"5653903";"Circuito deportivo elemental";"093";"CIUDAD UNIVERSITARIA";"09";"MONCLOA - ARAVACA";"OPERATIVO";"439096.557";"4478435.004";"ETRS89";40.45434736;-3.71827191;;;;;;;"2009-12-29 00:00:00.0";;"PV24";1
"5653907";"Circuito deportivo elemental";"093";"CIUDAD UNIVERSITARIA";"09";"MONCLOA - ARAVACA";"OPERATIVO";"438968.481";"4478488.091";"ETRS89";40.45481619;-3.71978738;;;;;;;"2009-12-29 00:00:00.0";;"PV24";1
"5653914";"Circuito deportivo elemental";"093";"CIUDAD UNIVERSITARIA";"09";"MONCLOA - ARAVACA";"OPERATIVO";"438874.688";"4478522.312";"ETRS89";40.45511758;-3.72089676;;;;;;;"2009-12-29 00:00:00.0";;"PV24";1
"52132";"Circuito deportivo elemental";"131";"ENTREVIAS";"13";"PUENTE DE VALLECAS";"OPERATIVO";"443212.722";"4469309.766";"ETRS89";40.37243371;-3.66891616;"RONDA";"SUR";"219";"28053";"RDA SUR, 000008";"20084211";"2013-08-01 00:00:00.0";"D1352";"AE21";13
"52139";"Circuito deportivo elemental";"142";"HORCAJO";"14";"MORATALAZ";"OPERATIVO";"446663.399";"4473627.638";"ETRS89";40.41155985;-3.62863350;"CALLE";"FUENTE CARRANTONA";"61";"28030";"FUENTE CARRANTONA, 000061";"31041857";"2013-08-01 00:00:00.0";"D1451";"AE21";11
"5218552";"Circuito deportivo elemental";"064";"ALMENARA";"06";"TETUAN";"OPERATIVO";"440974.383";"4480217.328";"ETRS89";40.47053876;-3.69629290;"CALLE";"MONTOYA";"57";"28029";;"11033227";"2019-12-17 00:00:00.0";"D0654";"AE21";4
"5219935";"Circuito deportivo elemental";"162";"PIOVERA";"16";"HORTALEZA";"OPERATIVO";"446686.97";"4478402.96";"ETRS89";40.45458025;-3.62875627;;;;"28043";;;;"CD_110001";"PV24";4
"52211";"Circuito deportivo elemental";"173";"BUTARQUE";"17";"VILLAVERDE";"OPERATIVO";"442819.542";"4466123.631";"ETRS89";40.34370415;-3.67326168;"CALLE";"ESTEFANITA";"11";"28021";"ESTEFANITA, 000074";"31035895";"2004-01-01 00:00:00.0";"D1750";"AE21";11
"52213";"Circuito deportivo elemental";"175";"ANGELES";"17";"VILLAVERDE";"OPERATIVO";"440280.152";"4467622.804";"ETRS89";40.35703167;-3.70329950;"CALLE";"LA TABERNERA DEL PUERTO";"25";"28041";"LA TABERNERA DEL PUERTO, 000025";"31053320";"2015-04-05 00:00:00.0";"D1753";"AE21";3
"52215";"Circuito deportivo elemental";"175";"ANGELES";"17";"VILLAVERDE";"OPERATIVO";"440607.712";"4467971.266";"ETRS89";40.36019421;-3.69947465;"CALLE";"LA CANCION DEL OLVIDO";"52";"28041";"LA CANCIÓN DEL OLVIDO, 000052";"11129069";"2015-04-05 00:00:00.0";"D1755";"AE21";10
"5261893";"Circuito deportivo elemental";"054";"HISPANOAMERICA";"05";"CHAMARTIN";"OPERATIVO";"442938.95";"4478431.555";"ETRS89";40.45458897;-3.67295895;"CALLE";"PUERTO RICO";"22";"28016";"PARQUE ORLANDO ZAPATA TAMAYO";"11024272";"2020-02-03 00:00:00.0";"D0503";"AE21";13
"5653825";"Circuito deportivo elemental";"043";"FUENTE DEL BERRO";"04";"SALAMANCA";"OPERATIVO";"444022.896";"4474922.684";"ETRS89";40.42305296;-3.65986694;;;;;;;"2014-10-29 00:00:00.0";;"PV24";1
"5653881";"Circuito deportivo elemental";"093";"CIUDAD UNIVERSITARIA";"09";"MONCLOA - ARAVACA";"OPERATIVO";"439202.418";"4478775.355";"ETRS89";40.45742112;-3.71705611;;;;;;;"2009-12-29 00:00:00.0";;"PV24";3
"5653896";"Circuito deportivo elemental";"093";"CIUDAD UNIVERSITARIA";"09";"MONCLOA - ARAVACA";"OPERATIVO";"438897.19";"4478964.46";"ETRS89";40.45910227;-3.72067395;;;;;;;"2009-12-29 00:00:00.0";;"PV24";1
"5653901";"Circuito deportivo elemental";"093";"CIUDAD UNIVERSITARIA";"09";"MONCLOA - ARAVACA";"OPERATIVO";"439219.998";"4478724.406";"ETRS89";40.45696344;-3.71684391;;;;;;;"2009-12-29 00:00:00.0";;"PV24";2
"5653905";"Circuito deportivo elemental";"093";"CIUDAD UNIVERSITARIA";"09";"MONCLOA - ARAVACA";"OPERATIVO";"439076.979";"4478382.736";"ETRS89";40.45387507;-3.71849777;;;;;;;"2009-12-29 00:00:00.0";;"PV24";1
"5653909";"Circuito deportivo elemental";"093";"CIUDAD UNIVERSITARIA";"09";"MONCLOA - ARAVACA";"OPERATIVO";"438967.331";"4478495.705";"ETRS89";40.45488470;-3.71980167;;;;;;;"2009-12-29 00:00:00.0";;"PV24";1
"5653924";"Circuito deportivo elemental";"093";"CIUDAD UNIVERSITARIA";"09";"MONCLOA - ARAVACA";"OPERATIVO";"438790.056";"4478480.258";"ETRS89";40.45473251;-3.72189076;;;;;;;"2009-12-29 00:00:00.0";;"PV24";2
"5653942";"Circuito deportivo elemental";"093";"CIUDAD UNIVERSITARIA";"09";"MONCLOA - ARAVACA";"OPERATIVO";"438675.604";"4478433.465";"ETRS89";40.45430254;-3.72323595;;;;;;;"2009-12-29 00:00:00.0";;"PV24";1
"5653960";"Circuito deportivo elemental";"093";"CIUDAD UNIVERSITARIA";"09";"MONCLOA - ARAVACA";"OPERATIVO";"438599.065";"4478404.846";"ETRS89";40.45403908;-3.72413578;;;;;;;"2009-12-29 00:00:00.0";;"PV24";3
"7126154";"Circuito deportivo elemental";"192";"VALDEBERNARDO";"19";"VICALVARO";"OPERATIVO";"447051.449";"4472853.546";"ETRS89";40.40461112;-3.62399573;"CALLE";"LADERA DE LOS ALMENDROS";"2";"28032";;"31023316";"2020-06-30 00:00:00.0";"D1962";"AE21";4
"7126508";"Circuito deportivo elemental";"194";"EL CAÑAVERAL";"19";"VICALVARO";"OPERATIVO";"452953.836";"4471968.827";"ETRS89";40.39699535;-3.55437432;"CALLE";"ANNA FRANK";"1";"28052";;"31037313";"2020-06-24 00:00:00.0";"D1960";"AE21";7
"7143517";"Circuito deportivo elemental";"086";"VALVERDE";"08";"FUENCARRAL - EL PARDO";"OPERATIVO";"443003.48";"4484597.568";"ETRS89";40.51013948;-3.67275228;"CALLE";"PALAS DE REY";"17";"28050";"JUNTO PISTA DEPORTIVA";"31044373";"2020-09-10 00:00:00.0";"D0859";"AE21";8
"7144275";"Circuito deportivo elemental";"191";"CASCO HISTORICO DE VICALVARO";"19";"VICALVARO";"OPERATIVO";"449829.913";"4473255.762";"ETRS89";40.40840662;-3.59128509;"CALLE";"ABAD JUAN CATALAN";"70";"28032";;"31037333";"2020-09-17 00:00:00.0";"D1963";"AE21";9
"7162223";"Circuito deportivo elemental";"015";"UNIVERSIDAD";"01";"CENTRO";"OPERATIVO";"440202.838";"4474738.128";"ETRS89";40.42112462;-3.70487790;"PLAZA";"SANTA MARIA SOLEDAD TORRES ACOSTA";"1";"28004";"SANTA MARIA SOLEDAD TORRES ACOSTA, 1";"11007101";"2019-02-13 00:00:00.0";"D0101";"AE21";6
"7247845";"Circuito deportivo elemental";"131";"ENTREVIAS";"13";"PUENTE DE VALLECAS";"OPERATIVO";"442319.376";"4470058.647";"ETRS89";40.37911873;-3.67950625;"RONDA";"SUR";"117";"28053";;"11090038";"2020-11-20 00:00:00.0";"D1356";"AE21";10
"7248182";"Circuito deportivo elemental";"125";"MOSCARDO";"12";"USERA";"OPERATIVO";"440197.879";"4471385.439";"ETRS89";40.39092161;-3.70462132;"CALLE";"VALLANDES";"2";"28026";"DE LAS CALESAS";"20002230";"2020-11-17 00:00:00.0";"D1255";"AE21";15
"7362864";"Circuito deportivo elemental";"171";"VILLAVERDE ALTO - CASCO HISTORICO DE VILLAVERDE";"17";"VILLAVERDE";"OPERATIVO";"440538.549";"4465150.182";"ETRS89";40.33477530;-3.70002634;"CALLE";"TRANSVERSAL SEXTA";"10B";"28021";;"20127343";"2020-11-17 00:00:00.0";"D1759";"AE21";10
"7764194";"Circuito deportivo elemental";"146";"VINATEROS";"14";"MORATALAZ";"OPERATIVO";"446073.31";"4472649.898";"ETRS89";40.40271375;-3.63550512;"Calle";"Luis de Hoyos Sainz";"108";"28030";;"11102891";"2004-01-01 00:00:00.0";"D1456";"AE21";7
"7802464";"Circuito deportivo elemental";"122";"ORCASUR";"12";"USERA";"OPERATIVO";"440743.909";"4468957.903";"ETRS89";40.36909208;-3.69796242;"CALLE";"MARACENA";"2";"28041";;"11081218";"2021-03-02 00:00:00.0";"D1257";"AE21";7
"7835585";"Circuito deportivo elemental";"183";"ENSANCHE DE VALLECAS";"18";"VILLA DE VALLECAS";"OPERATIVO";"448504.215";"4468886.401";"ETRS89";40.36896345;-3.60655520;"CALLE";"ENTREPEÑAS";"43";"28051";;"31033787";"2021-03-17 00:00:00.0";"D1861";"AE21";7
"7838836";"Circuito deportivo elemental";"136";"NUMANCIA";"13";"PUENTE DE VALLECAS";"OPERATIVO";"444420.92";"4471998.38";"ETRS89";40.39673583;-3.65491983;"CALLE";"BENJAMIN PALENCIA";"2";"28038";;"20002299";"2021-03-23 00:00:00.0";"D1358";"AE21";7
"5653933";"Circuito deportivo elemental";"093";"CIUDAD UNIVERSITARIA";"09";"MONCLOA - ARAVACA";"OPERATIVO";"438725.332";"4478429.974";"ETRS89";40.45427476;-3.72264918;;;;;;;"2209-12-29 00:00:00.0";;"PV24";1
"7125254";"Circuito deportivo elemental";"086";"VALVERDE";"08";"FUENCARRAL - EL PARDO";"OPERATIVO";"441732.955";"4482634.798";"ETRS89";40.49236985;-3.68756722;"CALLE";"ISLAS JARVI";"5";"28034";;"11047612";"2020-06-01 00:00:00.0";"D0858";"AE21";3
"7126156";"Circuito deportivo elemental";"192";"VALDEBERNARDO";"19";"VICALVARO";"OPERATIVO";"446937.562";"4472529.877";"ETRS89";40.40168805;-3.62531082;"CALLE";"LADERA DE LOS ALMENDROS";"18E";"28032";;"20161345";"2020-06-30 00:00:00.0";"D1961";"AE21";4
"7127774";"Circuito deportivo elemental";"065";"VALDEACEDERAS";"06";"TETUAN";"OPERATIVO";"439802.729";"4479792.325";"ETRS89";40.46662608;-3.71007293;"CALLE";"VILLAAMIL";"90";"28039";;"31050938";"2020-06-11 00:00:00.0";"D0655";"AE21";5
"7144128";"Circuito deportivo elemental";"191";"CASCO HISTORICO DE VICALVARO";"19";"VICALVARO";"OPERATIVO";"447694.556";"4473645.062";"ETRS89";40.41178225;-3.61648223;"AVENIDA";"DAROCA";"299";"28032";;"31041868";"2020-09-17 00:00:00.0";"D1965";"AE21";14
"7144369";"Circuito deportivo elemental";"192";"VALDEBERNARDO";"19";"VICALVARO";"OPERATIVO";"446807.164";"4471806.38";"ETRS89";40.39516201;-3.62678696;"CALLE";"PENDULO";"3A";"28032";;"20123311";"2020-09-17 00:00:00.0";"D1964";"AE21";9
"7162545";"Circuito deportivo elemental";"015";"UNIVERSIDAD";"01";"CENTRO";"OPERATIVO";"440200.781";"4474716.44";"ETRS89";40.42092910;-3.70490011;"PLAZA";"SANTA MARIA SOLEDAD TORRES ACOSTA";"1 B";"28004";;"31037270";"2019-02-13 00:00:00.0";"D0102";"AE21";5
"7248141";"Circuito deportivo elemental";"175";"ANGELES";"17";"VILLAVERDE";"OPERATIVO";"441038.68";"4466854.979";"ETRS89";40.35016863;-3.69429626;"CALLE";"ALCOCER";"1";"28021";"ALCOCER 1";"11128272";"2020-11-17 00:00:00.0";"D1760";"AE21";7
"7356676";"Circuito deportivo elemental";"116";"BUENAVISTA";"11";"CARABANCHEL";"OPERATIVO";"436062.178";"4469289.253";"ETRS89";40.37173109;-3.75313622;"CALLE";"GUITARRA";"9";"28044";;"11077474";"2020-12-01 00:00:00.0";"D1157";"AE21";3
"7761231";"Circuito deportivo elemental";"171";"VILLAVERDE ALTO - CASCO HISTORICO DE VILLAVERDE";"17";"VILLAVERDE";"OPERATIVO";"440222.259";"4465963.274";"ETRS89";40.34207752;-3.70382580;"CALLE";"LENGUAS";"6G";"28021";;"31019468";"2021-02-22 00:00:00.0";"D1761";"AE21";7
"7802438";"Circuito deportivo elemental";"125";"MOSCARDO";"12";"USERA";"OPERATIVO";"440081.976";"4471581.671";"ETRS89";40.39268104;-3.70600531;"PASEO";"SANTA MARIA DE LA CABEZA";"93";"28026";;"31027444";"2021-02-22 00:00:00.0";"D1256";"AE21";7
"7802522";"Circuito deportivo elemental";"116";"BUENAVISTA";"11";"CARABANCHEL";"OPERATIVO";"437232.446";"4469088.113";"ETRS89";40.37000807;-3.73933270;"AVENIDA";"EURO";"16";"28054";;"31031211";"2024-01-01 00:00:00.0";"D1158";"AE21";7
"7837848";"Circuito deportivo elemental";"136";"NUMANCIA";"13";"PUENTE DE VALLECAS";"OPERATIVO";"444908.618";"4472281.353";"ETRS89";40.39931743;-3.64919785;"AUTOVIA";"A-3";"500SA";"28038";;"31031227";"2021-03-22 00:00:00.0";"D1357";"AE21";7
"7839105";"Circuito deportivo elemental";"086";"VALVERDE";"08";"FUENCARRAL - EL PARDO";"OPERATIVO";"442972.168";"4484591.09";"ETRS89";40.51007898;-3.67312126;"CALLE";"FROMISTA";"15 A";"28050";;"31012691";"2021-03-24 00:00:00.0";"D0861";"AE21";7
"7840483";"Circuito deportivo elemental";"183";"ENSANCHE DE VALLECAS";"18";"VILLA DE VALLECAS";"OPERATIVO";"446458.151";"4469611.19";"ETRS89";40.37536393;-3.63071476;"CALLE";"TINEO";"13";"28031";;"31016534";"2021-03-25 00:00:00.0";"D1862";"AE21";7
"7840405";"Circuito deportivo elemental";"133";"PALOMERAS BAJAS";"13";"PUENTE DE VALLECAS";"OPERATIVO";"444449.134";"4471339.467";"ETRS89";40.39080183;-3.65452991;"CALLE";"ESCRITOR";"3";"28038";;"20003182";"2021-03-25 00:00:00.0";"D1359";"AE21";7
"7841427";"Circuito deportivo elemental";"097";"ARAVACA";"09";"MONCLOA - ARAVACA";"OPERATIVO";"434194.549";"4478364.537";"ETRS89";40.45333891;-3.77607217;"CALLE";"VIRGEN DE LOS ROSALES";"42";"28023";"CALLE VIRGEN DE LOS ROSALES, 42";"20125594";"2021-03-22 00:00:00.0";"D0952";"AE21";8
"5653965";"Circuito deportivo elemental";"093";"CIUDAD UNIVERSITARIA";"09";"MONCLOA - ARAVACA";"OPERATIVO";"438568.502";"4478407.44";"ETRS89";40.45406019;-3.72449645;;;;;;;"2009-12-29 00:00:00.0";;"PV24";1
"5653971";"Circuito deportivo elemental";"093";"CIUDAD UNIVERSITARIA";"09";"MONCLOA - ARAVACA";"OPERATIVO";"438662.648";"4478554.53";"ETRS89";40.45539219;-3.72340043;;;;;;;"2009-12-29 00:00:00.0";;"PV24";1
"5653995";"Circuito deportivo elemental";"093";"CIUDAD UNIVERSITARIA";"09";"MONCLOA - ARAVACA";"OPERATIVO";"438668.244";"4478615.665";"ETRS89";40.45594333;-3.72334034;;;;;;;"2009-12-29 00:00:00.0";;"PV24";1
"5654012";"Circuito deportivo elemental";"093";"CIUDAD UNIVERSITARIA";"09";"MONCLOA - ARAVACA";"OPERATIVO";"438593.602";"4478711.641";"ETRS89";40.45680240;-3.72422988;;;;;;;"2009-12-29 00:00:00.0";;"PV24";1
"5654016";"Circuito deportivo elemental";"093";"CIUDAD UNIVERSITARIA";"09";"MONCLOA - ARAVACA";"OPERATIVO";"438655.272";"4478772.337";"ETRS89";40.45735373;-3.72350846;;;;;;;"2009-12-29 00:00:00.0";;"PV24";1
"5654025";"Circuito deportivo elemental";"093";"CIUDAD UNIVERSITARIA";"09";"MONCLOA - ARAVACA";"OPERATIVO";"438599.394";"4478920.47";"ETRS89";40.45868404;-3.72418177;;;;;;;"2009-12-29 00:00:00.0";;"PV24";1
"5654045";"Circuito deportivo elemental";"093";"CIUDAD UNIVERSITARIA";"09";"MONCLOA - ARAVACA";"OPERATIVO";"438485.609";"4478957.395";"ETRS89";40.45900826;-3.72552727;;;;;;;"2009-12-29 00:00:00.0";;"PV24";1
"5654053";"Circuito deportivo elemental";"093";"CIUDAD UNIVERSITARIA";"09";"MONCLOA - ARAVACA";"OPERATIVO";"438473.254";"4479011.271";"ETRS89";40.45949268;-3.72567820;;;;;;;"2009-12-29 00:00:00.0";;"PV24";1
"5654057";"Circuito deportivo elemental";"093";"CIUDAD UNIVERSITARIA";"09";"MONCLOA - ARAVACA";"OPERATIVO";"438593.46";"4479061.258";"ETRS89";40.45995187;-3.72426538;;;;;;;"2009-12-29 00:00:00.0";;"PV24";1
"5799343";"Circuito deportivo elemental";"183";"ENSANCHE DE VALLECAS";"18";"VILLA DE VALLECAS";"OPERATIVO";"446936.659";"4469661.572";"ETRS89";40.37584841;-3.62508252;"CALLE";"MARTIN MUÑOZ DE LAS POSADAS";"1A";"28031";"MARTÍN MUÑOZ DE LAS POSADAS, 000001  A";"31030080";"2020-02-21 00:00:00.0";"D1859";"AE21";7
"6905562";"Circuito deportivo elemental";"191";"CASCO HISTORICO DE VICALVARO";"19";"VICALVARO";"OPERATIVO";"448363.978";"4473628.964";"ETRS89";40.41167903;-3.60859141;"CALLE";"VEREDA DEL PINAR";"1";"28032";;"20047853";"2020-04-23 00:00:00.0";"D1959";"AE21";7
"7107703";"Circuito deportivo elemental";"102";"PUERTA DEL ANGEL";"10";"LATINA";"OPERATIVO";"437504.272";"4473016.313";"ETRS89";40.40541550;-3.73651652;"CALLE";"SAN CANUTO";"16";"28011";;"11062270";"2020-05-29 00:00:00.0";"D1060";"AE21";3
"9046350";"Circuito deportivo elemental";"126";"ZOFIO";"12";"USERA";"OPERATIVO";"439268.98";"4469661.71";"ETRS89";40.37532619;-3.71540101;"CALLE";"RICARDO BELTRAN Y ROZPIDE";"28";"28026";"AVENA";"20001083";"2022-10-31 00:00:00.0";"D1262";"AE21";8
"7853205";"Circuito deportivo elemental";"095";"VALDEMARIN";"09";"MONCLOA - ARAVACA";"OPERATIVO";"433250.01";"4479877.533";"ETRS89";40.46689301;-3.78736965;"AVENIDA";"VALDEMARIN";"109";"28023";;"20166358";"2021-03-29 00:00:00.0";"D0953";"AE21";7
"5653950";"Circuito deportivo elemental";"093";"CIUDAD UNIVERSITARIA";"09";"MONCLOA - ARAVACA";"OPERATIVO";"438638.666";"4478404.847";"ETRS89";40.45404201;-3.72366878;;;;;;;"2009-12-29 00:00:00.0";;"PV24";1
"5653963";"Circuito deportivo elemental";"093";"CIUDAD UNIVERSITARIA";"09";"MONCLOA - ARAVACA";"OPERATIVO";"438572.422";"4478400.727";"ETRS89";40.45400001;-3.72444958;;;;;;;"2009-12-29 00:00:00.0";;"PV24";2
"5653967";"Circuito deportivo elemental";"093";"CIUDAD UNIVERSITARIA";"09";"MONCLOA - ARAVACA";"OPERATIVO";"438570.968";"4478446.594";"ETRS89";40.45441309;-3.72447116;;;;;;;"2009-12-29 00:00:00.0";;"PV24";3
"5653984";"Circuito deportivo elemental";"093";"CIUDAD UNIVERSITARIA";"09";"MONCLOA - ARAVACA";"OPERATIVO";"438665.869";"4478560.511";"ETRS89";40.45544630;-3.72336302;;;;;;;"2009-12-29 00:00:00.0";;"PV24";1
"5654006";"Circuito deportivo elemental";"093";"CIUDAD UNIVERSITARIA";"09";"MONCLOA - ARAVACA";"OPERATIVO";"438624.853";"4478663.043";"ETRS89";40.45636692;-3.72385663;;;;;;;"2009-12-29 00:00:00.0";;"PV24";3
"5654014";"Circuito deportivo elemental";"093";"CIUDAD UNIVERSITARIA";"09";"MONCLOA - ARAVACA";"OPERATIVO";"438637.214";"4478757.722";"ETRS89";40.45722074;-3.72372001;;;;;;;"2009-12-29 00:00:00.0";;"PV24";1
"5654018";"Circuito deportivo elemental";"093";"CIUDAD UNIVERSITARIA";"09";"MONCLOA - ARAVACA";"OPERATIVO";"438687.323";"4478862.406";"ETRS89";40.45816747;-3.72313918;;;;;;;"2009-12-29 00:00:00.0";;"PV24";1
"5654037";"Circuito deportivo elemental";"093";"CIUDAD UNIVERSITARIA";"09";"MONCLOA - ARAVACA";"OPERATIVO";"438526.878";"4478941.323";"ETRS89";40.45886653;-3.72503901;;;;;;;"2009-12-29 00:00:00.0";;"PV24";1
"5654051";"Circuito deportivo elemental";"093";"CIUDAD UNIVERSITARIA";"09";"MONCLOA - ARAVACA";"OPERATIVO";"438475.265";"4478974.779";"ETRS89";40.45916409;-3.72565095;;;;;;;"2009-12-29 00:00:00.0";;"PV24";1
"5654055";"Circuito deportivo elemental";"093";"CIUDAD UNIVERSITARIA";"09";"MONCLOA - ARAVACA";"OPERATIVO";"438510.608";"4479055.377";"ETRS89";40.45989276;-3.72524194;;;;;;;"2009-12-29 00:00:00.0";;"PV24";1
"5654059";"Circuito deportivo elemental";"093";"CIUDAD UNIVERSITARIA";"09";"MONCLOA - ARAVACA";"OPERATIVO";"438626.189";"4479108.049";"ETRS89";40.46037580;-3.72388390;;;;;;;"2009-12-29 00:00:00.0";;"PV24";1
"5800211";"Circuito deportivo elemental";"183";"ENSANCHE DE VALLECAS";"18";"VILLA DE VALLECAS";"OPERATIVO";"446794.564";"4469802.098";"ETRS89";40.37710531;-3.62676803;"CALLE";"SIERRA VIEJA";"38";"28031";"SIERRA VIEJA, 000038";"11130481";"2020-02-21 00:00:00.0";"D1860";"AE21";6
"7021646";"Circuito deportivo elemental";"143";"MARROQUINA";"14";"MORATALAZ";"OPERATIVO";"446299.512";"4473516.39";"ETRS89";40.41053426;-3.63291269;"CALLE";"JOSE BERGAMIN";"60";"28030";;"20091486";"2020-05-19 00:00:00.0";"D1455";"AE21";9
"9046339";"Circuito deportivo elemental";"082";"FUENTELARREINA";"08";"FUENCARRAL - EL PARDO";"OPERATIVO";"437527.373";"4481645.851";"ETRS89";40.48315524;-3.73709300;"CALLE";"GABRIELA MISTRAL";"16";"28035";"LILI ALVAREZ";"11051403";"2022-08-02 00:00:00.0";"D0872";"AE21";15
"9046351";"Circuito deportivo elemental";"126";"ZOFIO";"12";"USERA";"OPERATIVO";"439274.726";"4469652.472";"ETRS89";40.37524339;-3.71533245;"CALLE";"RICARDO BELTRAN Y ROZPIDE";"28";"28026";"AVENA";"20001083";"2022-10-31 00:00:00.0";"D1263";"AE21";8
"9046724";"Circuito deportivo elemental";"182";"SANTA EUGENIA";"18";"VILLA DE VALLECAS";"OPERATIVO";"448097.092";"4470027.98";"ETRS89";40.37922235;-3.61144328;"CALLE";"REAL DE ARGANDA";"1";"28031";"PLAZA ENRIQUE DE MESA";"11130180";"2022-07-22 00:00:00.0";"D1869";"AE21";12
"9049652";"Circuito deportivo elemental";"133";"PALOMERAS BAJAS";"13";"PUENTE DE VALLECAS";"OPERATIVO";"443864.516";"4469955.486";"ETRS89";40.37829491;-3.66129582;"CALLE";"PUERTO DE BALBARAN";"125";"28018";"FELIPE DE DIEGO";"20081321";"2022-01-22 00:00:00.0";"D1367";"AE21";14
"9049654";"Circuito deportivo elemental";"133";"PALOMERAS BAJAS";"13";"PUENTE DE VALLECAS";"OPERATIVO";"444049.579";"4471339.715";"ETRS89";40.39077732;-3.65923741;"CALLE";"ARROYO DEL OLIVAR";"15";"28053";"SIERRA DEL VALLE";"11095427";"2022-11-22 00:00:00.0";"D1369";"AE21";14
"9160067";"Circuito deportivo elemental";"173";"BUTARQUE";"17";"VILLAVERDE";"OPERATIVO";"442329.104";"4467141.636";"ETRS89";40.35284122;-3.67912786;"AVENIDA";"LOS ROSALES";"121";"28021";"C/MICA";"20176939";"2023-01-02 00:00:00.0";"D1767";"AE21";8
"9179375";"Circuito deportivo elemental";"107";"AGUILAS";"10";"LATINA";"OPERATIVO";"435176.735";"4469459.981";"ETRS89";40.37320069;-3.76358251;"CALLE";"CARMEN MARTIN GAITE";"4";"28044";"JOAQUIN TURINA";"31051023";"2023-01-05 00:00:00.0";"D1069";"AE21";12
"9181989";"Circuito deportivo elemental";"061";"BELLAS VISTAS";"06";"TETUAN";"OPERATIVO";"439725.675";"4478103.783";"ETRS89";40.45140945;-3.71082144;"CALLE";"FRANCISCO BALSEIRO";"1";"28039";"JARDINES CARLOS PARIS";"31009723";"2023-02-09 00:00:00.0";"D0656";"AE21";12
"9187536";"Circuito deportivo elemental";"181";"CASCO HISTORICO DE VALLECAS";"18";"VILLA DE VALLECAS";"OPERATIVO";"446888.388";"4469548.404";"ETRS89";40.37482584;-3.62564169;"CALLE";"SIERRA DE PALOMERAS";"40";"28031";"MARTIN MUÑOZ DE LAS POSADAS";"31008261";"2023-02-20 00:00:00.0";"D1870";"AE21";6
"9235167";"Circuito deportivo elemental";"062";"CUATRO CAMINOS";"06";"TETUAN";"OPERATIVO";"441041.803";"4478235.757";"ETRS89";40.45269273;-3.69531355;"AVENIDA";"GENERAL PERON";"23";"28020";"JULIAN BESTEIRO";"31010032";"2023-03-08 00:00:00.0";"D0657";"AE21";11
"9237483";"Circuito deportivo elemental";"122";"ORCASUR";"12";"USERA";"OPERATIVO";"440924.266";"4468892.036";"ETRS89";40.36851151;-3.69583209;"CALLE";"ALERCE";"5";"28041";"CON PINSAPO";"20089216";"2022-08-19 00:00:00.0";"D1265";"AE21";9
"9259976";"Circuito deportivo elemental";"136";"NUMANCIA";"13";"PUENTE DE VALLECAS";"OPERATIVO";"444142.263";"4472874.119";"ETRS89";40.40460636;-3.65828004;"CALLE";"PEÑA LABRA";"16";"28038";"PICO DE LA VELETA";"11099569";"2023-06-09 00:00:00.0";"D1371";"AE21";7
"9263613";"Circuito deportivo elemental";"011";"PALACIO";"01";"CENTRO";"OPERATIVO";"438958.168";"4474113.185";"ETRS89";40.41540448;-3.71948878;"PASEO";"VIRGEN DEL PUERTO";"4";"28005";"CIUDAD DE PLASENCIA";"31011490";"2022-12-16 00:00:00.0";"D0103";"AE21";18
"9271963";"Circuito deportivo elemental";"104";"ALUCHE";"10";"LATINA";"OPERATIVO";"435001.566";"4471700.995";"ETRS89";40.39337500;-3.76587435;"CALLE";"MAQUEDA";"26";"28024";"C/TEMBLEQUE";"11065581";"2023-06-22 00:00:00.0";"D1071";"AE21";8
"9277882";"Circuito deportivo elemental";"151";"VENTAS";"15";"CIUDAD LINEAL";"OPERATIVO";"444341.778";"4475724.157";"ETRS89";40.43029445;-3.65617831;"AVENIDA";"DAROCA";"15";"28017";"PLAZA BAMI";"11104596";"2023-06-28 00:00:00.0";"D1556";"AE21";19
"9293991";"Circuito deportivo elemental";"107";"AGUILAS";"10";"LATINA";"OPERATIVO";"435467.507";"4469640.618";"ETRS89";40.37485051;-3.76017595;"CALLE";"MASCARAQUE";"38";"28044";"PARQUE DE LAS CRUCES";"11077852";"2023-08-01 00:00:00.0";"D1167";"AE21";5
"9046352";"Circuito deportivo elemental";"126";"ZOFIO";"12";"USERA";"OPERATIVO";"439313.063";"4470663.782";"ETRS89";40.38435658;-3.71497719;"CALLE";"SAN ELIAS";"1";"28026";"SAN MAGIN";"11085146";"2022-10-05 00:00:00.0";"D1264";"AE21";8
"9049643";"Circuito deportivo elemental";"025";"DELICIAS";"02";"ARGANZUELA";"OPERATIVO";"441209.363";"4472167.743";"ETRS89";40.39804102;-3.69277652;"CALLE";"TOMAS BRETON";"47 A";"28045";"ALONSO MARTOS";"20007918";"2022-08-01 00:00:00.0";"D0255";"AE21";7
"9049653";"Circuito deportivo elemental";"133";"PALOMERAS BAJAS";"13";"PUENTE DE VALLECAS";"OPERATIVO";"443865.105";"4470604.736";"ETRS89";40.38414378;-3.66134608;"CALLE";"LA DILIGENCIA";"6";"28018";"CV CALLE CANDILEJAS";"31043258";"2022-11-22 00:00:00.0";"D1368";"AE21";14
"9049658";"Circuito deportivo elemental";"163";"CANILLAS";"16";"HORTALEZA";"OPERATIVO";"445567.565";"4479412.846";"ETRS89";40.46360527;-3.64204399;"CALLE";"ALCORISA";"4";"28043";"Ctra · CARRETERA CANILLAS 98 , ASCENDIENTE 1: 163";"11116820";"2022-11-22 00:00:00.0";"D1666";"AE21";13
"9177985";"Circuito deportivo elemental";"117";"ABRANTES";"11";"CARABANCHEL";"OPERATIVO";"438862.257";"4470359.936";"ETRS89";40.38158642;-3.72025876;"CALLE";"VIA LUSITANA";"3";"28025";"PARQUE EMPERATRIZ MARIA DE AUSTRIA";"31035183";"2023-04-30 00:00:00.0";"D1164";"AE21";12
"9180738";"Circuito deportivo elemental";"132";"SAN DIEGO";"13";"PUENTE DE VALLECAS";"OPERATIVO";"443383.311";"4471164.249";"ETRS89";40.38915161;-3.66707163;"CALLE";"SIERRA DE ALQUIFE";"8";"28053";"DE LAS PALOMERAS,37";"11092598";"2023-01-05 00:00:00.0";"D1370";"AE21";8
"9187084";"Circuito deportivo elemental";"104";"ALUCHE";"10";"LATINA";"OPERATIVO";"435507.06";"4471479.611";"ETRS89";40.39141998;-3.75989621;"CALLE";"QUERO";"29";"28024";"PARQUE ALUCHE";"11065523";"2023-02-13 00:00:00.0";"D1070";"AE21";9
"9187543";"Circuito deportivo elemental";"181";"CASCO HISTORICO DE VALLECAS";"18";"VILLA DE VALLECAS";"OPERATIVO";"446909.936";"4469571.909";"ETRS89";40.37503897;-3.62538983;"CALLE";"SIERRA DE PALOMERAS";"40";"28031";"MARTIN MUÑOZ DE LAS POSADAS";"31008261";"2023-02-22 00:00:00.0";"D1871";"AE21";4
"9237040";"Circuito deportivo elemental";"115";"PUERTA BONITA";"11";"CARABANCHEL";"OPERATIVO";"437591.432";"4469708.984";"ETRS89";40.37562813;-3.73516535;"AVENIDA";"ABRANTES";"291";"28025";"BESOLLA";"31000690";"2023-03-31 00:00:00.0";"D1165";"AE21";9
"9243145";"Circuito deportivo elemental";"122";"ORCASUR";"12";"USERA";"OPERATIVO";"440903.46";"4468855.452";"ETRS89";40.36818047;-3.69607375;"CALLE";"ALERCE";"5";"28041";"CON PINSAPO";"20089216";"2022-08-18 00:00:00.0";"D1266";"AE21";10
"9261936";"Circuito deportivo elemental";"022";"ACACIAS";"02";"ARGANZUELA";"OPERATIVO";"439804.417";"4473048.973";"ETRS89";40.40587920;-3.70941425;"RONDA";"TOLEDO";"12";"28005";"CONCEJAL BENITO MARTIN LOZANO";"20007348";"2023-05-17 00:00:00.0";"D0256";"AE21";10
"9269361";"Circuito deportivo elemental";"081";"EL PARDO";"08";"FUENCARRAL - EL PARDO";"OPERATIVO";"434540.037";"4485349.897";"ETRS89";40.51629189;-3.77271935;"AVENIDA";"GUARDIA";"19";"28048";"PARQUE MAR OCEANA";"31022099";"2023-06-09 00:00:00.0";"D0874";"AE21";7
"9272789";"Circuito deportivo elemental";"124";"ALMENDRALES";"12";"USERA";"OPERATIVO";"440701.974";"4470399.585";"ETRS89";40.38207656;-3.69859045;"PLAZA";"CAMPO DE CRIPTANA";"3";"28026";"TOMELLOSO";"31012975";"2023-06-16 00:00:00.0";"D1267";"AE21";4
"9292077";"Circuito deportivo elemental";"027";"ATOCHA";"02";"ARGANZUELA";"OPERATIVO";"442351.53";"4471898.528";"ETRS89";40.39569564;-3.67929399;"CALLE";"MENDEZ ALVARO";"77 A";"28045";"PEDRO BOSCH";"20112157";"2023-07-21 00:00:00.0";"D0257";"AE21";7
"9294501";"Circuito deportivo elemental";"122";"ORCASUR";"12";"USERA";"OPERATIVO";"440522.601";"4469445.29";"ETRS89";40.37346697;-3.70061444;"CALLE";"MADRE ROSA BLANCO";"2";"28041";"PARQUE MIGUEL SARABIA GIL";"31018991";"2023-07-31 00:00:00.0";"D1269";"AE21";9
"9391954";"Circuito deportivo elemental";"126";"ZOFIO";"12";"USERA";"OPERATIVO";"439527.076";"4470583.255";"ETRS89";40.38364671;-3.71244836;"AVENIDA";"RAFAELA YBARRA";"4";"28026";"RAFAELA YBARRA 4";"20025114";"2023-12-18 00:00:00.0";"D1270";"AE21";8
"9397047";"Circuito deportivo elemental";"131";"ENTREVIAS";"13";"PUENTE DE VALLECAS";"OPERATIVO";"442626.712";"4470503.1";"ETRS89";40.38314383;-3.67592594;"RONDA";"SUR";"2";"28053";"C/ LAGARTERA";"31012755";"2023-11-28 00:00:00.0";"D1373";"AE21";10
"9403201";"Circuito deportivo elemental";"181";"CASCO HISTORICO DE VALLECAS";"18";"VILLA DE VALLECAS";"OPERATIVO";"446943.396";"4469223.298";"ETRS89";40.37190057;-3.62496668;"CALLE";"NAVAMURES";"25";"28031";"PUERTO DE PORZUNA,50";"31025565";"2023-12-12 00:00:00.0";"D1872";"AE21";6
"9438309";"Circuito deportivo elemental";"085";"LA PAZ";"08";"FUENCARRAL - EL PARDO";"OPERATIVO";"440362.071";"4481515.544";"ETRS89";40.48218984;-3.70363757;"CALLE";"PEDRO RICO";"49";"28029";"CV  C/FINISTERRE";"20098055";"2024-03-26 00:00:00.0";"D0875";"AE21";10
"9492616";"Circuito deportivo elemental";"083";"PEÑAGRANDE";"08";"FUENCARRAL - EL PARDO";"OPERATIVO";"437910.559";"4482004.369";"ETRS89";40.48641363;-3.73260739;"CALLE";"ARROYO DEL MONTE";"17";"28049";"ARROYO DEL MONTE 17";"31055760";"2024-02-14 00:00:00.0";"D0877";"AE21";5
"9492997";"Circuito deportivo elemental";"054";"HISPANOAMERICA";"05";"CHAMARTIN";"OPERATIVO";"442785.525";"4478565.593";"ETRS89";40.45578590;-3.67478036;"CALLE";"PUERTO RICO";"27";"28016";"PUERTO RICO 27";"11025193";"2024-03-07 00:00:00.0";"D0507";"AE21";15
"9503906";"Circuito deportivo elemental";"116";"BUENAVISTA";"11";"CARABANCHEL";"OPERATIVO";"436240.363";"4468569.501";"ETRS89";40.36526089;-3.75096554;"AVENIDA";"CARABANCHEL ALTO";"21";"28054";"C/BLANCA CV C/DINERO";"31069202";"2023-09-15 00:00:00.0";"D1171";"AE21";6
"9536978";"Circuito deportivo elemental";"121";"ORCASITAS";"12";"USERA";"OPERATIVO";"440215.509";"4469037.072";"ETRS89";40.36976755;-3.70419329;"CALLE";"EXPROPIACION";"1";"28041";"CALLE CAMPOTEJAR, 15";"11080731";"2024-06-28 00:00:00.0";"D1272";"AE21";6
"9536980";"Circuito deportivo elemental";"121";"ORCASITAS";"12";"USERA";"OPERATIVO";"438941.872";"4469133.833";"ETRS89";40.37054691;-3.71920344;"CALLE";"GAINZA";"103";"28041";"GAINZA 103";"11079590";"2024-05-21 00:00:00.0";"D1274";"AE21";9
"9551703";"Circuito deportivo elemental";"121";"ORCASITAS";"12";"USERA";"OPERATIVO";"438951.484";"4469253.283";"ETRS89";40.37162368;-3.71910167;"CALLE";"GAINZA";"35";"28041";"GAINZA 35";"11079657";"2024-06-16 00:00:00.0";"D1275";"AE21";0
"9591399";"Circuito deportivo elemental";"171";"VILLAVERDE ALTO - CASCO HISTORICO DE VILLAVERDE";"17";"VILLAVERDE";"OPERATIVO";"440051.782";"4465858.793";"ETRS89";40.34112407;-3.70582305;"AVENIDA";"REAL DE PINTO";"82";"28021";"JUNTO A LAS LETRAS GRAN VIA DE VILLAVERDE";"20079282";"2023-12-15 00:00:00.0";"D1770";"AE21";6
"9599942";"Circuito deportivo elemental";"171";"VILLAVERDE ALTO - CASCO HISTORICO DE VILLAVERDE";"17";"VILLAVERDE";"OPERATIVO";"440637.198";"4466111.974";"ETRS89";40.34344672;-3.69895446;"AVENIDA";"GRAN VIA DE VILLAVERDE";"12";"28021";"GRAN VIA DE VILLAVERDE 12";"31065313";"2023-12-15 00:00:00.0";"D1772";"AE21";8
"9600060";"Circuito deportivo elemental";"174";"LOS ROSALES";"17";"VILLAVERDE";"OPERATIVO";"441869.925";"4466789.542";"ETRS89";40.34963747;-3.68450268;"AVENIDA";"GRAN VIA DE VILLAVERDE";"6 Z";"28021";"GRAN VIA DE VILLAVERDE 6";"31073878";"2023-12-15 00:00:00.0";"D1774";"AE21";6
"9646119";"Circuito deportivo elemental";"123";"SAN FERMIN";"12";"USERA";"OPERATIVO";"441160.757";"4469735.234";"ETRS89";40.37612424;-3.69312456;"CALLE";"SAN MAXIMO";"8";"28041";"CALLE DE SAN MÁXIMO 8";"20075898";"2024-08-24 00:00:00.0";"D1276";"AE21";0
"9652651";"Circuito deportivo elemental";"181";"CASCO HISTORICO DE VALLECAS";"18";"VILLA DE VALLECAS";"OPERATIVO";"446383.189";"4468653.31";"ETRS89";40.36672989;-3.63151719;;;;"28031";;;;;"PV24";5
"7861611";"Circuito deportivo elemental";"127";"PRADOLONGO";"12";"USERA";"OPERATIVO";"440520.941";"4470048.468";"ETRS89";40.37890060;-3.70069028;"CALLE";"TOMELLOSO";"63";"28026";;"11082377";"2021-04-16 00:00:00.0";"D1258";"AE21";11
"7872643";"Circuito deportivo elemental";"033";"ESTRELLA";"03";"RETIRO";"OPERATIVO";"443925.036";"4474193.601";"ETRS89";40.41647839;-3.66095617;;;;;"PARQUE ROMA";;"2021-04-30 00:00:00.0";"D0351";"AE21";14
"7887312";"Circuito deportivo elemental";"054";"HISPANOAMERICA";"05";"CHAMARTIN";"OPERATIVO";"442936.425";"4478574.203";"ETRS89";40.45587384;-3.67300155;"CALLE";"URUGUAY";"23";"28016";;"11025164";"2021-05-10 00:00:00.0";"D0505";"AE21";14
"7896349";"Circuito deportivo elemental";"107";"AGUILAS";"10";"LATINA";"OPERATIVO";"434518.081";"4469811.049";"ETRS89";40.37631177;-3.77137650;"CALLE";"SOLEDAD CAZORLA";"20";"28044";;"20020646";"2021-05-20 00:00:00.0";"D1066";"AE21";7
"7902175";"Circuito deportivo elemental";"116";"BUENAVISTA";"11";"CARABANCHEL";"OPERATIVO";"435784.086";"4468490.011";"ETRS89";40.36450979;-3.75633116;"CALLE";"MORALES";"13";"28054";"SALVADOR ALLENDE";"31001529";"2021-05-26 00:00:00.0";"D1160";"AE21";9
"7908163";"Circuito deportivo elemental";"075";"RIOS ROSAS";"07";"CHAMBERI";"OPERATIVO";"440903.135";"4477517.686";"ETRS89";40.44621418;-3.69688197;"CALLE";"RAIMUNDO FERNANDEZ VILLAVERDE";"50";"28003";;"11042234";"2021-06-18 00:00:00.0";"D0703";"AE21";8
"7927322";"Circuito deportivo elemental";"175";"ANGELES";"17";"VILLAVERDE";"OPERATIVO";"440578.013";"4467984.537";"ETRS89";40.36031165;-3.69982564;"CALLE";"LA CANCION DEL OLVIDO";"48";"28041";"PARQUE DE INGENIEROS";"11129067";"2021-06-03 00:00:00.0";"D1762";"AE21";15
"7928019";"Circuito deportivo elemental";"133";"PALOMERAS BAJAS";"13";"PUENTE DE VALLECAS";"OPERATIVO";"444422.63";"4471304.541";"ETRS89";40.39048543;-3.65483913;"CALLE";"ESCRITOR";"3";"28038";"PARQUE AZORIN";"20003182";"2021-05-13 00:00:00.0";"D1361";"AE21";15
"7928053";"Circuito deportivo elemental";"182";"SANTA EUGENIA";"18";"VILLA DE VALLECAS";"OPERATIVO";"448275.281";"4470285.356";"ETRS89";40.38155205;-3.60936513;"CALLE";"ZAZUAR";"8";"28031";"SANTA EGUGENIA";"11131614";"2021-05-17 00:00:00.0";"D1863";"AE21";17
"7928425";"Circuito deportivo elemental";"193";"VALDERRIVAS";"19";"VICALVARO";"OPERATIVO";"448792.898";"4472000.735";"ETRS89";40.39703735;-3.60340535;"CALLE";"CALIZA";"22";"28032";"AV. GRAN VIA DEL ESTE";"20180508";"2021-05-06 00:00:00.0";"D1967";"AE21";16
"7943813";"Circuito deportivo elemental";"173";"BUTARQUE";"17";"VILLAVERDE";"OPERATIVO";"442286.467";"4466829.38";"ETRS89";40.35002528;-3.67960168;"CALLE";"ORO";"16";"28021";"C. CALCIO";"31050200";"2021-08-26 00:00:00.0";"D1764";"AE21";22
"8776080";"Circuito deportivo elemental";"086";"VALVERDE";"08";"FUENCARRAL - EL PARDO";"OPERATIVO";"443612.825";"4484668.258";"ETRS89";40.51081793;-3.66556671;"CALLE";"PORTOMARIN";"21";"28050";"DE SANTISO";"31050947";"2021-10-27 00:00:00.0";"D0869";"AE21";7
"9294001";"Circuito deportivo elemental";"116";"BUENAVISTA";"11";"CARABANCHEL";"OPERATIVO";"435518.878";"4469646.332";"ETRS89";40.37490596;-3.75957144;"CALLE";"MASCARAQUE";"42";"28044";"PARQUE DE LAS CRUCES";"11077854";"2023-08-01 00:00:00.0";"D1168";"AE21";10
"9295425";"Circuito deportivo elemental";"124";"ALMENDRALES";"12";"USERA";"OPERATIVO";"440390.19";"4470230.07";"ETRS89";40.38052723;-3.70224746;"CALLE";"CRISTO DE LA VICTORIA";"33";"28026";"CV CRISTO DE LEPANTO";"11085828";"2023-06-23 00:00:00.0";"D1268";"AE21";9
"9396658";"Circuito deportivo elemental";"151";"VENTAS";"15";"CIUDAD LINEAL";"OPERATIVO";"444884.159";"4475243.982";"ETRS89";40.42600489;-3.64974271;"CALLE";"SANTA FELICIDAD";"20";"28017";"CV C/MARIA TERESA SAEZ DE HEREDIA";"11103833";"2023-09-15 00:00:00.0";"D1557";"AE21";5
"9397076";"Circuito deportivo elemental";"131";"ENTREVIAS";"13";"PUENTE DE VALLECAS";"OPERATIVO";"442564.384";"4470313.854";"ETRS89";40.38143470;-3.67664313;"RONDA";"SUR";"2";"28053";"C/ LAGARTERA";"31012755";"2023-11-28 00:00:00.0";"D1372";"AE21";12
"9403205";"Circuito deportivo elemental";"083";"PEÑAGRANDE";"08";"FUENCARRAL - EL PARDO";"OPERATIVO";"437908.802";"4482002.126";"ETRS89";40.48639329;-3.73262790;"CALLE";"MARIA DE MAEZTU";"4";"28049";"LILI ALVAREZ CV MADRE TERESA DE CALCUTA";"31054538";"2024-02-14 00:00:00.0";"D0873";"AE21";7
"9438374";"Circuito deportivo elemental";"084";"PILAR";"08";"FUENCARRAL - EL PARDO";"OPERATIVO";"439964.516";"4481434.502";"ETRS89";40.48143113;-3.70832011;"CALLE";"SANTIAGO DE COMPOSTELA";"62";"28034";"CV C/PINTOR FRANCISCO LLORENS";"11045726";"2024-03-26 00:00:00.0";"D0876";"AE21";12
"9492866";"Circuito deportivo elemental";"054";"HISPANOAMERICA";"05";"CHAMARTIN";"OPERATIVO";"442792.421";"4478580.469";"ETRS89";40.45592039;-3.67470037;"CALLE";"PUERTO RICO";"29";"28016";"C/PUERTO RICO 29";"11025194";"2024-03-07 00:00:00.0";"D0508";"AE21";3
"9494172";"Circuito deportivo elemental";"065";"VALDEACEDERAS";"06";"TETUAN";"OPERATIVO";"439941.714";"4479626.547";"ETRS89";40.46514275;-3.70841793;"PASEO";"DIRECCION";"190";"28039";"PASEO DE LA DIRECCIÓN 215";"31028286";"2024-03-19 00:00:00.0";"D0658";"AE21";6
"9536964";"Circuito deportivo elemental";"125";"MOSCARDO";"12";"USERA";"OPERATIVO";"440121.916";"4471481.691";"ETRS89";40.39178324;-3.70552534;"CALLE";"MARIBLANCA";"14";"28026";"C/TORERO";"11084099";"2024-01-31 00:00:00.0";"D1271";"AE21";7
"9536979";"Circuito deportivo elemental";"121";"ORCASITAS";"12";"USERA";"OPERATIVO";"440251.952";"4469132.232";"ETRS89";40.37062742;-3.70377298;"CALLE";"CAMPOTEJAR";"15";"28041";"EXPROPIACION,1";"11080910";"2024-06-28 00:00:00.0";"D1273";"AE21";11
"9536981";"Circuito deportivo elemental";"121";"ORCASITAS";"12";"USERA";"OPERATIVO";"438947.427";"4469254.439";"ETRS89";40.37163379;-3.71914956;"CALLE";"GAINZA";"35";"28041";"GIANZA 35";"11079657";"2024-06-16 00:00:00.0";"D1275";"AE21";11
"9591308";"Circuito deportivo elemental";"174";"LOS ROSALES";"17";"VILLAVERDE";"OPERATIVO";"441918.676";"4467235.501";"ETRS89";40.35365834;-3.68396925;"PASEO";"ESTACION";"3";"28021";"CV GRAN VIA DE VILLA VERDE";"11127008";"2023-12-15 00:00:00.0";"D1769";"AE21";6
"9592149";"Circuito deportivo elemental";"171";"VILLAVERDE ALTO - CASCO HISTORICO DE VILLAVERDE";"17";"VILLAVERDE";"OPERATIVO";"440332.498";"4465878.41";"ETRS89";40.34132091;-3.70252000;"AVENIDA";"GRAN VIA DE VILLAVERDE";"16";"28021";"GRAN VIA DE VILLAVERDE 16";"31065315";"2023-12-15 00:00:00.0";"D1771";"AE21";8
"8785833";"Circuito deportivo elemental";"151";"VENTAS";"15";"CIUDAD LINEAL";"OPERATIVO";"444146.811";"4474946.442";"ETRS89";40.42327531;-3.65840839;"CALLE";"RICARDO ORTIZ";"84";"28017";"PARQUE DE RICARDO ORTIZ";"11103458";"2022-02-15 00:00:00.0";"D1554";"AE21";9
"8799532";"Circuito deportivo elemental";"085";"LA PAZ";"08";"FUENCARRAL - EL PARDO";"OPERATIVO";"440771.795";"4481755.996";"ETRS89";40.48438525;-3.69882625;"CALLE";"SANTIAGO DE COMPOSTELA";"40";"28034";"NARCIS MONTURIOL";"11045914";"2022-03-29 00:00:00.0";"D0871";"AE21";8
"8799543";"Circuito deportivo elemental";"183";"ENSANCHE DE VALLECAS";"18";"VILLA DE VALLECAS";"OPERATIVO";"446768.99";"4468922.094";"ETRS89";40.36917600;-3.62699579;"AVENIDA";"MAYORAZGO";"30";"28051";"C/GRANJA DE SAN IDELFONSO";"31065785";"2022-03-29 00:00:00.0";"D1867";"AE21";8
"8799549";"Circuito deportivo elemental";"097";"ARAVACA";"09";"MONCLOA - ARAVACA";"OPERATIVO";"433907.73";"4479309.895";"ETRS89";40.46183218;-3.77955288;"PASEO";"ERMITA";"30";"28023";"ARAIZ";"11057313";"2022-04-05 00:00:00.0";"D0959";"AE21";15
"8799551";"Circuito deportivo elemental";"142";"HORCAJO";"14";"MORATALAZ";"OPERATIVO";"446358.202";"4472834.792";"ETRS89";40.40439779;-3.63216356;"CALLE";"LAGUNA NEGRA";"1 A";"28030";"CALLE CAÑON DEL RIO LOBOS";"20129775";"2022-04-05 00:00:00.0";"D1459";"AE21";14
"8799553";"Circuito deportivo elemental";"174";"LOS ROSALES";"17";"VILLAVERDE";"OPERATIVO";"441197.831";"4467119.783";"ETRS89";40.35256537;-3.69244671;"PLAZA";"CHOZAS DE CANALES";"1";"28021";"AV ANDALUCIA";"11126886";"2022-04-05 00:00:00.0";"D1766";"AE21";11
"8799600";"Circuito deportivo elemental";"204";"ARCOS";"20";"SAN BLAS - CANILLEJAS";"OPERATIVO";"447605.053";"4475160.579";"ETRS89";40.42542935;-3.61766192;"CALLE";"CONSERVEROS";"17";"28037";"APAREJADORES";"11135747";"2022-04-05 00:00:00.0";"D2068";"AE21";15
"8799606";"Circuito deportivo elemental";"097";"ARAVACA";"09";"MONCLOA - ARAVACA";"OPERATIVO";"433830.431";"4477500.419";"ETRS89";40.44552580;-3.78027596;"AVENIDA";"TALGO";"1";"28023";"CARRETERA DE ARAVACA";"20172160";"2022-03-25 00:00:00.0";"D0960";"AE21";6
"8799632";"Circuito deportivo elemental";"117";"ABRANTES";"11";"CARABANCHEL";"OPERATIVO";"438674.725";"4470240.541";"ETRS89";40.38049707;-3.72245641;"CALLE";"VIA LUSITANA";"3";"28025";"PARQUE EMPERATRIZ MARIA DE AUSTRIA";"31035183";"2022-05-06 00:00:00.0";"D1162";"AE21";8
"8799638";"Circuito deportivo elemental";"166";"VALDEFUENTES";"16";"HORTALEZA";"OPERATIVO";"445270.545";"4482139.74";"ETRS89";40.48815094;-3.64578252;"AVENIDA";"NICETO ALCALA ZAMORA";"3";"28050";"CALLE ALBERTO DE PALACIOS";"31011039";"2022-04-04 00:00:00.0";"D1664";"AE21";12
"8799941";"Circuito deportivo elemental";"183";"ENSANCHE DE VALLECAS";"18";"VILLA DE VALLECAS";"OPERATIVO";"448543.704";"4468324.954";"ETRS89";40.36390797;-3.60604479;"CALLE";"JOSE GUTIERREZ MAROTO";"39";"28051";"CERRO MILANO";"31019548";"2022-03-30 00:00:00.0";"D1865";"AE21";11
"8799950";"Circuito deportivo elemental";"208";"EL SALVADOR";"20";"SAN BLAS - CANILLEJAS";"OPERATIVO";"447101.547";"4477196.931";"ETRS89";40.44374215;-3.62376670;"PLAZA";"ENSIDESA";"1";"28027";"PLAZA ENSIDESA";"20158323";"2022-03-30 00:00:00.0";"D2066";"AE21";11
"8891609";"Circuito deportivo elemental";"117";"ABRANTES";"11";"CARABANCHEL";"OPERATIVO";"438348.806";"4469797.06";"ETRS89";40.37647793;-3.72625278;"CALLE";"CAZALEGAS";"5 E";"28025";"PARQUE DE LA EMPERATRIZ MARIA DE AUSTRIA";"31003931";"2022-03-30 00:00:00.0";"D1161";"AE21";11
"8907324";"Circuito deportivo elemental";"104";"ALUCHE";"10";"LATINA";"OPERATIVO";"436435.006";"4471852.334";"ETRS89";40.39484895;-3.74900066;"CALLE";"DUQUESA DE PARCENT";"48";"28047";"CALLE LOS YEBENES";"11063785";"2022-03-30 00:00:00.0";"D1067";"AE21";10
"8909085";"Circuito deportivo elemental";"131";"ENTREVIAS";"13";"PUENTE DE VALLECAS";"OPERATIVO";"443878.232";"4469004.796";"ETRS89";40.36973143;-3.66105055;"AVENIDA";"JOAQUIN GARRIGUES WALKER";"3";"28053";"PARQUE GARRIGUES WALKER";"31046275";"2022-07-22 00:00:00.0";"D1365";"AE21";8
"8909095";"Circuito deportivo elemental";"211";"ALAMEDA DE OSUNA";"21";"BARAJAS";"OPERATIVO";"450400.465";"4478916.754";"ETRS89";40.45943874;-3.58500293;"CALLE";"LA RIOJA";"27";"28042";"C/LA RIOJA 27";"11139917";"2022-06-24 00:00:00.0";"D2161";"AE21";6
"8914014";"Circuito deportivo elemental";"143";"MARROQUINA";"14";"MORATALAZ";"OPERATIVO";"446562.57";"4473775.04";"ETRS89";40.41288127;-3.62983420;"AVENIDA";"Avenida del Doctor Garcia Tapia";"125";"28030";;;;;"PV24";2
"8914016";"Circuito deportivo elemental";"143";"MARROQUINA";"14";"MORATALAZ";"OPERATIVO";"446563.49";"4473810.65";"ETRS89";40.41320213;-3.62982635;"AVENIDA";"Avenida del Doctor Garcia Tapia";"125";"28030";;;;;"PV24";2
"9599976";"Circuito deportivo elemental";"174";"LOS ROSALES";"17";"VILLAVERDE";"OPERATIVO";"441674.036";"4466587.522";"ETRS89";40.34780388;-3.68679073;"AVENIDA";"GRAN VIA DE VILLAVERDE";"8 Z";"28021";"GRAN VIA DE VILLAVERDE 8";"31073877";"2023-12-15 00:00:00.0";"D1773";"AE21";7
"9646098";"Circuito deportivo elemental";"164";"PINAR DEL REY";"16";"HORTALEZA";"OPERATIVO";"445130.232";"4480958.378";"ETRS89";40.47749941;-3.64733581;"CALLE";"SANTA SUSANA";"29";"28033";"CALLE DE SANTA SUSANA 29";"11119461";"2024-08-30 00:00:00.0";"D1667";"AE21";12
"9646124";"Circuito deportivo elemental";"123";"SAN FERMIN";"12";"USERA";"OPERATIVO";"441187.77";"4469720.917";"ETRS89";40.37599717;-3.69280505;"CALLE";"SAN MARIO";"18";"28041";"CALLE DE SAN MARIO 18";"31024105";"2024-08-23 00:00:00.0";"D1277";"AE21";0
"7861595";"Circuito deportivo elemental";"116";"BUENAVISTA";"11";"CARABANCHEL";"OPERATIVO";"435789.964";"4469767.606";"ETRS89";40.37601938;-3.75639060;"CAMINO";"CRUCES";"4";"28044";;"20078470";"2021-05-06 00:00:00.0";"D1159";"AE21";11
"7862436";"Circuito deportivo elemental";"107";"AGUILAS";"10";"LATINA";"OPERATIVO";"434995.623";"4470782.914";"ETRS89";40.38510410;-3.76585067;"CALLE";"NAVIA";"21";"28044";;"20137009";"2021-04-22 00:00:00.0";"D1064";"AE21";9
"7886327";"Circuito deportivo elemental";"044";"GUINDALERA";"04";"SALAMANCA";"OPERATIVO";"443204.759";"4475739.382";"ETRS89";40.43035475;-3.66958360;"CALLE";"FLORESTAN AGUILAR";"2";"28028";"PARRQUE EVA DUARTE DE PERON";"11017052";"2021-05-06 00:00:00.0";"D0455";"AE21";10
"7889423";"Circuito deportivo elemental";"024";"LEGAZPI";"02";"ARGANZUELA";"OPERATIVO";"441979.994";"4470934.495";"ETRS89";40.38698530;-3.68358383;"PARQUE";"ENRIQUE TIERNO GALVAN";;;;;"2021-05-12 00:00:00.0";"D0253";"AE21";14
"7902152";"Circuito deportivo elemental";"183";"ENSANCHE DE VALLECAS";"18";"VILLA DE VALLECAS";"OPERATIVO";"448486.224";"4469753.096";"ETRS89";40.37677015;-3.60683713;"CALLE";"MAZATERON";"12";"28051";"REAL DE ARGANDA";"31063532";"2021-05-19 00:00:00.0";"D1864";"AE21";10
"7903120";"Circuito deportivo elemental";"171";"VILLAVERDE ALTO - CASCO HISTORICO DE VILLAVERDE";"17";"VILLAVERDE";"OPERATIVO";"440106.817";"4466195.097";"ETRS89";40.34415764;-3.70520667;"CALLE";"AMADEO FERNANDEZ";"11";"28021";"JARDIN DE LA LUZ";"11125656";"2021-04-28 00:00:00.0";"D1763";"AE21";8
"7927289";"Circuito deportivo elemental";"127";"PRADOLONGO";"12";"USERA";"OPERATIVO";"440145.739";"4469316.793";"ETRS89";40.37228242;-3.70504130;"AVENIDA";"POBLADOS";"169";"28041";"PRADOLONGO";"31007159";"2021-05-14 00:00:00.0";"D1259";"AE21";14
"7928004";"Circuito deportivo elemental";"134";"PALOMERAS SURESTE";"13";"PUENTE DE VALLECAS";"OPERATIVO";"446202.801";"4471173.124";"ETRS89";40.38941841;-3.63385444;"CALLE";"RAFAEL FERNANDEZ HIJICOS";"43";"28038";"MIGUEL HERNANDEZ 11";"11096620";"2021-05-13 00:00:00.0";"D1360";"AE21";15
"7928031";"Circuito deportivo elemental";"146";"VINATEROS";"14";"MORATALAZ";"OPERATIVO";"445561.437";"4472667.587";"ETRS89";40.40283979;-3.64153850;"CALLE";"HACIENDA DE PAVONES";"160";"28030";"PLAZA CORREGIDOR CONDE DE MACEDA Y TABOADA";"11102502";"2021-05-14 00:00:00.0";"D1457";"AE21";22
"7928069";"Circuito deportivo elemental";"192";"VALDEBERNARDO";"19";"VICALVARO";"OPERATIVO";"447067.664";"4472107.453";"ETRS89";40.39789086;-3.62374261;"BULEVAR";"JOSE PRAT";"11";"28032";"PALMERAS VALDEBERNARDO";"20123299";"2021-04-26 00:00:00.0";"D1966";"AE21";18
"7930170";"Circuito deportivo elemental";"136";"NUMANCIA";"13";"PUENTE DE VALLECAS";"OPERATIVO";"444051.631";"4472960.7";"ETRS89";40.40538024;-3.65935568;"CALLE";"SIERRA TOLEDANA";"65";"28038";"SIERRA ELVIRA";"11142930";"2021-07-30 00:00:00.0";"D1362";"AE21";3
"8775331";"Circuito deportivo elemental";"024";"LEGAZPI";"02";"ARGANZUELA";"OPERATIVO";"441670.193";"4471254.287";"ETRS89";40.38984452;-3.68726290;"CALLE";"BRONCE";"5";"28045";"AV DEL PLANETARIO";"31007293";"2022-01-19 00:00:00.0";"D0254";"AE21";13
"8781256";"Circuito deportivo elemental";"133";"PALOMERAS BAJAS";"13";"PUENTE DE VALLECAS";"OPERATIVO";"444029.144";"4471341.061";"ETRS89";40.39078808;-3.65947829;"CALLE";"ARROYO DEL OLIVAR";"15";"28053";"PAYASO FOFO";"11095427";"2022-03-24 00:00:00.0";"D1363";"AE21";11
"8799531";"Circuito deportivo elemental";"133";"PALOMERAS BAJAS";"13";"PUENTE DE VALLECAS";"OPERATIVO";"444069.545";"4469888.385";"ETRS89";40.37770421;-3.65887477;"CALLE";"PUERTO DE BALBARAN";"39";"28018";"AHIJONES";"11093744";"2022-03-29 00:00:00.0";"D1364";"AE21";8
"8799540";"Circuito deportivo elemental";"165";"APOSTOL SANTIAGO";"16";"HORTALEZA";"OPERATIVO";"443984.471";"4480994.008";"ETRS89";40.47774389;-3.66085543;"CALLE";"VELEZ RUBIO";"41";"28033";"PARQUE DE MANOTERAS";"11121907";"2022-03-29 00:00:00.0";"D1665";"AE21";6
"8799547";"Circuito deportivo elemental";"205";"ROSAS";"20";"SAN BLAS - CANILLEJAS";"OPERATIVO";"448252.724";"4474592.226";"ETRS89";40.42034980;-3.60998096;"CALLE";"MARSELLA";"29";"28022";"PARQUE DE LAS ROSAS";"20126474";"2022-03-29 00:00:00.0";"D2067";"AE21";8
"8799550";"Circuito deportivo elemental";"126";"ZOFIO";"12";"USERA";"OPERATIVO";"439579.036";"4470630.531";"ETRS89";40.38407636;-3.71184073;"AVENIDA";"RAFAELA YBARRA";"23";"28026";"PARQUE OLOF PALME";"11086744";"2022-04-05 00:00:00.0";"D1260";"AE21";15
"8799552";"Circuito deportivo elemental";"151";"VENTAS";"15";"CIUDAD LINEAL";"OPERATIVO";"444293.016";"4474724.407";"ETRS89";40.42128490;-3.65666555;"AVENIDA";"MARQUES DE CORBERA";"4";"28017";"FELIX RODRIGUEZ DE LA FUENTE";"20167853";"2022-04-05 00:00:00.0";"D1555";"AE21";15
"8799554";"Circuito deportivo elemental";"183";"ENSANCHE DE VALLECAS";"18";"VILLA DE VALLECAS";"OPERATIVO";"447638.516";"4468990.407";"ETRS89";40.36984648;-3.61676002;"AVENIDA";"VILLA DE VALLECAS";"21";"28031";"C/ TORRE DE JUAN ABAD";"31001910";"2022-04-05 00:00:00.0";"D1868";"AE21";16
"8799601";"Circuito deportivo elemental";"214";"TIMON";"21";"BARAJAS";"OPERATIVO";"449509.544";"4480566.551";"ETRS89";40.47424742;-3.59564167;"CALLE";"PLAYA DE BARLOVENTO";"12";"28042";"C/ARROYO DE LA TIA MARTINA CV C/SIMUN";"31033337";"2022-04-05 00:00:00.0";"D2160";"AE21";14
"8799607";"Circuito deportivo elemental";"125";"MOSCARDO";"12";"USERA";"OPERATIVO";"439634.073";"4471201.732";"ETRS89";40.38922602;-3.71124649;"CALLE";"GENERAL MARVA";"53";"28026";"CALLE DE GOYENECHE";"11084410";"2022-05-06 00:00:00.0";"D1261";"AE21";10
"8799633";"Circuito deportivo elemental";"117";"ABRANTES";"11";"CARABANCHEL";"OPERATIVO";"438720.751";"4469762.042";"ETRS89";40.37618990;-3.72186822;"CALLE";"VIA LUSITANA";"3";"28025";"PARQUE EMPERATRIZ MARIA DE AUSTRIA";"31035183";"2022-04-30 00:00:00.0";"D1163";"AE21";6
"8799648";"Circuito deportivo elemental";"171";"VILLAVERDE ALTO - CASCO HISTORICO DE VILLAVERDE";"17";"VILLAVERDE";"OPERATIVO";"439058.342";"4466536.781";"ETRS89";40.34715980;-3.71758355;"PASEO";"FERROVIARIOS";"43";"28021";"PARQUE PLATA Y CASTAÑAR 37";"11124621";"2022-03-30 00:00:00.0";"D1765";"AE21";11
"8799942";"Circuito deportivo elemental";"183";"ENSANCHE DE VALLECAS";"18";"VILLA DE VALLECAS";"OPERATIVO";"447872.632";"4469200.363";"ETRS89";40.37175259;-3.61401971;"AVENIDA";"LA GAVIA";"42";"28051";"AV DEL ENSANCHEZ DE VALLECAS";"31053927";"2022-03-30 00:00:00.0";"D1866";"AE21";9
"8891581";"Circuito deportivo elemental";"082";"FUENTELARREINA";"08";"FUENCARRAL - EL PARDO";"OPERATIVO";"437391.534";"4481246.314";"ETRS89";40.47954586;-3.73865614;"CALLE";"FRESNEDILLAS";"33";"28035";"GABRIELA MISTRAL";"20167433";"2022-03-30 00:00:00.0";"D0870";"AE21";11
"8907322";"Circuito deportivo elemental";"097";"ARAVACA";"09";"MONCLOA - ARAVACA";"OPERATIVO";"433346.533";"4478846.311";"ETRS89";40.45761128;-3.78612288;"CALLE";"RISCO DE LOS CLAVELES";"1";"28023";"CALLE ZARZA";"31069513";"2022-04-05 00:00:00.0";"D0958";"AE21";6
"8909081";"Circuito deportivo elemental";"103";"LUCERO";"10";"LATINA";"OPERATIVO";"435736.479";"4472328.975";"ETRS89";40.39908912;-3.75727899;"CALLE";"SEPULVEDA";"216";"28011";"CV C. DE LOS YEBENES";"31018166";"2022-03-29 00:00:00.0";"D1068";"AE21";8
"8909088";"Circuito deportivo elemental";"131";"ENTREVIAS";"13";"PUENTE DE VALLECAS";"OPERATIVO";"443979.64";"4468928.7";"ETRS89";40.36905273;-3.65984947;"AVENIDA";"JOAQUIN GARRIGUES WALKER";"3";"28053";"PARQUE GARRIGUES WALKER";"31046275";"2022-07-22 00:00:00.0";"D1366";"AE21";7
"8914013";"Circuito deportivo elemental";"143";"MARROQUINA";"14";"MORATALAZ";"OPERATIVO";"446609.04";"4473744.53";"ETRS89";40.41260940;-3.62928395;"AVENIDA";"Avenida del Doctor Garcia Tapia";"125";"28030";;;;;"PV24";5
"8914015";"Circuito deportivo elemental";"143";"MARROQUINA";"14";"MORATALAZ";"OPERATIVO";"446540.79";"4473787.3";"ETRS89";40.41299032;-3.63009192;"AVENIDA";"Avenida del Doctor Garcia Tapia";"125";"28030";;;;;"PV24";2
