id;start_date;updated_date;survey_id;email;status;device_type;contact_id;contact_list_id;promotion_code;"1_¿Cuáles de estos servicios utiliza habitualmente? Marque todos los que utilice__Servicio de préstamo (libros, partituras, audiovisuales)";"1_¿Cuáles de estos servicios utiliza habitualmente? Marque todos los que utilice__Servicio de cabinas de ensayo";"1_¿Cuáles de estos servicios utiliza habitualmente? Marque todos los que utilice__Servicio de préstamo de instrumentos musicales a domicilio";"1_¿Cuáles de estos servicios utiliza habitualmente? Marque todos los que utilice__Servicio de información general y especializada";1_¿Cuáles de estos servicios utiliza habitualmente? Marque todos los que utilice__Servicio de reprografía de documentos (fotocopias, digitalización);1_¿Cuáles de estos servicios utiliza habitualmente? Marque todos los que utilice__Actividades culturales (conciertos, talleres, visitas guiadas, exposiciones, conferencias, etc.);"2_¿Ha utilizado el servicio de préstamo de documentos?
";3_Valore el servicio de préstamo de documentos;"4_¿Ha utilizado el servicio de reprografía de la biblioteca?
";"5_Valore el servicio de reprografía de la biblioteca
";6_¿Ha participado en alguna actividad organizada por la biblioteca (visitas guiadas, conciertos, talleres, exposiciones, conferencias, presentaciones, etc.?;7_Valore la actividad realizada;8_¿Conoce la página web de la biblioteca?;9_Valore la actualización de la información y los contenidos;10_Valore el acceso al catálogo en línea;11_Valore las búsquedas en el catálogo en línea;"12_El edificio y sus instalaciones 
";"13_El trato recibido por el personal
";14_El préstamo de instrumentos;15_La ordenación de la colección de libre acceso;16_La adecuación de la colección a sus necesidades;17_Tiempo de espera con el suministro de fondos desde el depósito;18_La información general y especializada recibida tras una consulta;19_¿Ha utilizado la red Wifi?;20_La calidad de la conexión a través de la red WiFi;21_Las condiciones de los instrumentos de las cabinas de ensayo;22_¿Cuál es su valoración general de la biblioteca y sus servicios?;23_¿Qué medidas sugiere para mejorar la calidad de los servicios de la biblioteca?;24_¿Cuál es su grupo de edad?;25_¿Cuál es su sexo?;Columna1
40817723;2023-11-06 11:55:24;2023-11-06 11:56:26;339096;;Completa;Desktop;;;;;Servicio de cabinas de ensayo;;;;;No;;No;;No;;No;;;;5;5;5;5;5;5;5;No;;6;7;;Menos de 18 años;Mujer;
40825431;2023-11-06 19:13:03;2023-11-06 19:18:56;339096;;Completa;Tablet;;;;Servicio de préstamo (libros, partituras, audiovisuales);;;Servicio de información general y especializada;;;Sí;8;No;;Sí;8;Sí;9;9;9;8;9;;8;8;8;9;No;;;9;Invertir en tan maravillosa institución;De 41 a 64 años;Hombre;
40825583;2023-11-06 19:36:30;2023-11-06 20:02:14;339096;;Completa;Tablet;;;;Servicio de préstamo (libros, partituras, audiovisuales);Servicio de cabinas de ensayo;;Servicio de información general y especializada;;Actividades culturales (conciertos, talleres, visitas guiadas, exposiciones, conferencias, etc.);Sí;10;No;;No;;No;;;;7;10;9;;7;;8;No;;8;9;.;De 41 a 64 años;Hombre;
40830147;2023-11-07 09:22:31;2023-11-07 11:59:03;339096;;Completa;Tablet;;;;Servicio de préstamo (libros, partituras, audiovisuales);Servicio de cabinas de ensayo;;;;;Sí;9;No;;Sí;10;No;;;;10;10;;9;;;10;No;;10;10;De momento no se me ocurre nada. Todo perfecto, sobre todo los aseos;Más de 65 años;Hombre;
40853828;2023-11-07 12:05:59;2023-11-07 12:46:57;339096;;Completa;Tablet;;;;Servicio de préstamo (libros, partituras, audiovisuales);Servicio de cabinas de ensayo;;;;Actividades culturales (conciertos, talleres, visitas guiadas, exposiciones, conferencias, etc.);Sí;10;Sí;10;Sí;10;Sí;9;10;9;10;10;10;10;8;10;10;Sí;10;8;10;Apertura en fines de semana ;De 41 a 64 años;Mujer;
40861061;2023-11-07 12:48:21;2023-11-07 13:36:38;339096;;Completa;Tablet;;;;Servicio de préstamo (libros, partituras, audiovisuales);Servicio de cabinas de ensayo;;;;;No;;No;;Sí;9;Sí;8;8;8;9;10;;8;9;9;9;No;;9;9;Mayor insonorización cabinas de ensayo;De 26 a 40 años;Hombre;
40861435;2023-11-07 13:37:10;2023-11-07 13:47:44;339096;;Completa;Tablet;;;;Servicio de préstamo (libros, partituras, audiovisuales);Servicio de cabinas de ensayo;;;;Actividades culturales (conciertos, talleres, visitas guiadas, exposiciones, conferencias, etc.);Sí;9;No;;Sí;8;No;;;;9;9;8;8;8;6;7;No;;8;9;;De 18 a 25 años;Hombre;
40863718;2023-11-07 13:49:05;2023-11-07 13:57:01;339096;;Completa;Tablet;;;;Servicio de préstamo (libros, partituras, audiovisuales);Servicio de cabinas de ensayo;;;;;Sí;10;No;;No;;Sí;8;8;8;10;10;10;10;10;10;10;Sí;2;10;10;;De 41 a 64 años;Hombre;
40865107;2023-11-07 13:57:30;2023-11-07 14:01:41;339096;;Completa;Tablet;;;;;Servicio de cabinas de ensayo;;;;;No;;No;;No;;Sí;10;10;10;10;10;10;10;10;10;10;Sí;5;10;10;Mejora de la velocidad de Internet ;De 26 a 40 años;Hombre;
40865612;2023-11-07 14:02:07;2023-11-07 14:12:49;339096;;Completa;Tablet;;;;;Servicio de cabinas de ensayo;;;;;No;;No;;Sí;10;No;;;;7;7;5;5;5;10;7;No;;;7;;De 26 a 40 años;Mujer;
40865847;2023-11-07 14:13:39;2023-11-07 15:02:53;339096;;Completa;Tablet;;;;;Servicio de cabinas de ensayo;;;;;No;;No;;No;;Sí;7;7;7;8;;8;8;8;8;8;No;;8;8;Que la puerta de la cabina al cerrarla suene menos;De 18 a 25 años;Mujer;
40869393;2023-11-07 16:25:48;2023-11-07 16:32:09;339096;;Completa;Mobile;;;;;Servicio de cabinas de ensayo;;;;;Sí;10;Sí;10;No;;No;;;;10;10;;;;;;No;;;8;;Más de 65 años;;
40869454;2023-11-07 16:32:09;2023-11-07 16:43:27;339096;;Completa;Mobile;;;;Servicio de préstamo (libros, partituras, audiovisuales);Servicio de cabinas de ensayo;;;;;No;;No;;No;;Sí;10;9;9;10;10;10;10;10;10;10;No;;9;10;Publicitar más los eventos y bajar el mínimo de personas para el acceso a sala de rock con batería a 2;De 18 a 25 años;Hombre;
40869527;2023-11-07 16:38:55;2023-11-07 16:43:35;339096;;Completa;Mobile;;;;;Servicio de cabinas de ensayo;;;;;No;;No;;No;;Sí;10;10;10;10;10;10;10;10;10;10;No;;10;10;Se llenan mucho las cabinas individuales de pianode piano;De 18 a 25 años;Hombre;
40869529;2023-11-07 16:39:07;2023-11-07 16:40:20;339096;;Completa;Mobile;;;;;Servicio de cabinas de ensayo;;;;;No;;No;;No;;No;;;;7;9;9;9;8;9;9;No;;10;8;Señalizar mejor las instalaciones ;De 18 a 25 años;Hombre;
40869584;2023-11-07 16:44:54;2023-11-07 16:47:34;339096;;Completa;Mobile;;;;;Servicio de cabinas de ensayo;;;;;Sí;10;No;;No;;Sí;10;10;10;10;10;7;9;9;10;10;No;;5;10;Afinar/cambiar los pianos de las cabinas ;De 18 a 25 años;Hombre;
40869660;2023-11-07 16:52:26;2023-11-07 17:02:28;339096;;Parcial;Mobile;;;;Servicio de préstamo (libros, partituras, audiovisuales);Servicio de cabinas de ensayo;;;;;Sí;10;No;;No;;No;;;;10;10;9;;;;;;;;;;;;
40869690;2023-11-07 16:54:37;2023-11-07 16:59:50;339096;;Completa;Mobile;;;;Servicio de préstamo (libros, partituras, audiovisuales);Servicio de cabinas de ensayo;;;;;No;;No;;No;;Sí;8;8;8;10;10;10;7;;;7;Sí;5;6;9;Aumentar las cabinas con piano, aunque no sean pianos de calidad, dejando claro que no son pianos para niveles avanzados. Los pocos pianos que hay pianos necesitan revisión.;De 26 a 40 años;Hombre;
40869876;2023-11-07 17:06:50;2023-11-07 17:09:35;339096;;Completa;Mobile;;;;Servicio de préstamo (libros, partituras, audiovisuales);Servicio de cabinas de ensayo;;;;;No;;No;;Sí;10;Sí;10;8;8;10;10;10;10;10;10;10;Sí;10;10;10;Quizás más sitios para sentarse a leer;De 26 a 40 años;Hombre;
40870277;2023-11-07 17:36:53;2023-11-08 12:17:58;339096;;Completa;Tablet;;;;;Servicio de cabinas de ensayo;;;;;No;;;;;;;;;;;;;;;;;;;;10;Más tiempo, mascabinas y más afinacion;Más de 65 años;Hombre;
40870537;2023-11-07 18:00:38;2023-12-04 15:17:30;339096;;Parcial;Desktop;;;;Servicio de préstamo (libros, partituras, audiovisuales);;;;;;Sí;7;Sí;5;Sí;6;Sí;5;6;7;6;;;;5;6;;Sí;7;6;9;;De 41 a 64 años;Hombre;
40871575;2023-11-07 19:57:46;2023-11-07 20:02:59;339096;;Completa;Mobile;;;;Servicio de préstamo (libros, partituras, audiovisuales);Servicio de cabinas de ensayo;;;;;No;;No;;No;;Sí;7;5;5;10;10;10;10;10;10;10;No;;10;10;Afinación y disponibilidad de más espacios con cabinas y micrófonos;De 41 a 64 años;Hombre;
40871582;2023-11-07 19:58:19;2023-11-07 20:36:32;339096;;Completa;Mobile;;;;;Servicio de cabinas de ensayo;;;;;No;;No;;No;;No;;;;9;10;7;6;7;8;10;No;;9;10;;De 26 a 40 años;Hombre;
40871698;2023-11-07 20:09:57;2023-11-07 20:11:26;339096;;Completa;Mobile;;;;;Servicio de cabinas de ensayo;;;;;No;;No;;No;;Sí;10;10;10;10;10;10;10;10;10;10;No;;8;10;;De 18 a 25 años;Mujer;
40880071;2023-11-08 14:59:31;2023-11-08 15:03:22;339096;;Completa;Mobile;;;;;Servicio de cabinas de ensayo;;;;;No;;No;;No;;No;;;;9;9;9;9;9;9;9;No;;8;10;Que se puedan reservar cabinas de ensayo todos los días;De 18 a 25 años;Mujer;
40881527;2023-11-08 16:15:13;2023-11-08 16:21:04;339096;;Parcial;Mobile;;;;Servicio de préstamo (libros, partituras, audiovisuales);Servicio de cabinas de ensayo;;;;;;;;;;;;;;;;;;;;;;;;;;;;;
40881931;2023-11-08 16:30:48;2023-11-08 16:33:24;339096;;Completa;Mobile;;;;Servicio de préstamo (libros, partituras, audiovisuales);Servicio de cabinas de ensayo;;;Servicio de reprografía de documentos (fotocopias, digitalización);;Sí;9;Sí;8;No;;Sí;8;8;8;9;4;7;9;10;10;7;No;;7;7;El trato del personal;De 26 a 40 años;Hombre;
40882034;2023-11-08 16:35:02;2023-11-08 16:37:53;339096;;Completa;Mobile;;;;Servicio de préstamo (libros, partituras, audiovisuales);Servicio de cabinas de ensayo;;;;Actividades culturales (conciertos, talleres, visitas guiadas, exposiciones, conferencias, etc.);No;;No;;Sí;10;Sí;10;7;6;9;10;10;10;10;10;10;Sí;10;10;10;Que todas las cabinas de ensayo tengan espejo!;De 41 a 64 años;Mujer;
40883026;2023-11-08 17:24:34;2023-11-08 17:25:42;339096;;Completa;Mobile;;;;;Servicio de cabinas de ensayo;;;;;No;;;;;;;;;;10;;;;;;;;;;10;;Más de 65 años;Hombre;
40883029;2023-11-08 17:24:52;2023-11-08 17:25:12;339096;;Parcial;Mobile;;;;;Servicio de cabinas de ensayo;;;;;;;;;;;;;;;;;;;;;;;;;;;;;
40883052;2023-11-08 17:26:12;2023-11-08 17:27:35;339096;;Completa;Mobile;;;;;Servicio de cabinas de ensayo;;;;;No;;No;;;;Sí;;;;8;;;;;;;No;;8;8;;De 41 a 64 años;Hombre;
40883054;2023-11-08 17:26:16;2023-11-08 17:30:45;339096;;Completa;Mobile;;;;;Servicio de cabinas de ensayo;Servicio de préstamo de instrumentos musicales a domicilio;;;;No;;No;;Sí;7;Sí;7;7;6;10;0;4;7;7;0;1;No;;7;8;Cuando quise afiliarme con una tarjeta para acceder a las salas de ensayos. Mi compañero y yo estuvimos horas, sí, horas esperando a que el personal que estaba disponible para atendernos. Nos hablara. Tal fue la manera en la que nos atendieron, que una amable señora del servicio de limpieza, fue la UNICA que nos ayudó a ubicar dónde hacer el trámite y fue la única que nos trató con decencia. Pareciera que no quieren dar este beneficio a los usuarios. Toda la alta calidad que pudieran tener, se pierde con ese trato. Ya nisiquieta visito ese teatro. Espero esta encuesta les sirva de algo. Saludos.;De 18 a 25 años;Mujer;
40883069;2023-11-08 17:27:11;2023-11-08 17:57:22;339096;;Parcial;Desktop;;;;Servicio de préstamo (libros, partituras, audiovisuales);;;;;;No;;No;;No;;No;;;;7;8;;;;;;;;;;;;;
40883115;2023-11-08 17:29:38;2023-11-08 17:31:32;339096;;Completa;Mobile;;;;;Servicio de cabinas de ensayo;;;;;;;;;;;No;;;;8;10;;;;;;No;;10;8;;De 41 a 64 años;Hombre;
40883128;2023-11-08 17:30:09;2023-11-08 17:31:11;339096;;Completa;Mobile;;;;Servicio de préstamo (libros, partituras, audiovisuales);Servicio de cabinas de ensayo;;;;;No;;No;;Sí;8;No;;;;10;10;10;10;10;10;10;No;;7;10;;De 18 a 25 años;Hombre;
40883135;2023-11-08 17:30:21;2023-11-08 17:32:18;339096;;Parcial;Desktop;;;;;Servicio de cabinas de ensayo;;;;;No;;No;;No;;No;;;;8;8;9;8;;;;;;9;;;;;
40883156;2023-11-08 17:31:51;2023-11-08 17:32:54;339096;;Completa;Mobile;;;;;Servicio de cabinas de ensayo;;;;;No;;No;;No;;Sí;10;10;10;10;10;10;10;10;10;10;Sí;8;10;10;;De 18 a 25 años;Mujer;
40883164;2023-11-08 17:32:13;2023-11-08 17:34:28;339096;;Completa;Desktop;;;;Servicio de préstamo (libros, partituras, audiovisuales);Servicio de cabinas de ensayo;;;;;Sí;10;No;;No;;No;;;;7;10;5;10;8;10;10;No;;8;9;"La temperatura en verano es excesiva en las cabinas de ensayo; algunos pianos dejaron atrás su mejor momento";Más de 65 años;Mujer;
40883169;2023-11-08 17:32:24;2023-11-08 17:33:06;339096;;Completa;Mobile;;;;;Servicio de cabinas de ensayo;;;;;No;;No;;No;;No;;;;10;10;10;10;10;10;10;Sí;10;10;10;;De 18 a 25 años;;
40883171;2023-11-08 17:32:27;2023-11-08 17:34:23;339096;;Completa;Desktop;;;;;Servicio de cabinas de ensayo;;;;;No;;No;;No;;No;;;;10;8;7;7;7;7;7;No;;7;8;dar mas mantenimiento a los pianos;De 41 a 64 años;Hombre;
40883176;2023-11-08 17:32:46;2023-11-08 17:38:00;339096;;Completa;Mobile;;;;;Servicio de cabinas de ensayo;;;;;No;;;6;No;;;9;;9;10;10;;10;10;10;10;Sí;7;8;10;No puedo sugerir mejoras llevo poco tiempo asistiendo;De 41 a 64 años;Hombre;
40883177;2023-11-08 17:32:52;2023-11-08 17:37:19;339096;;Parcial;Desktop;;;;Servicio de préstamo (libros, partituras, audiovisuales);;;;;Actividades culturales (conciertos, talleres, visitas guiadas, exposiciones, conferencias, etc.);Sí;9;No;;Sí;7;Sí;8;8;8;7;7;;8;7;;8;Sí;7;5;8;Sería estupendo que el personal hablara tan bajito como los usuarios, en vez de a voces, tanto con los usuarios que se acercan a hacer una consulta, como por teléfono. A los bibliotecarios o auxiliares se les oye en toda la sala, de un extremo a otro, y no es necesario un volumen tan alto cuando se tiene al usuario enfrente, a menos de un metro de distancia. Impiden la concentración en la lectura.;De 41 a 64 años;Mujer;
40883187;2023-11-08 17:33:36;2023-11-08 17:36:14;339096;;Completa;Desktop;;;;Servicio de préstamo (libros, partituras, audiovisuales);Servicio de cabinas de ensayo;;;;;No;;No;;No;;Sí;8;;7;10;9;5;9;9;5;5;No;;9;10;;De 41 a 64 años;Hombre;
40883207;2023-11-08 17:35:01;2023-11-08 17:39:52;339096;;Completa;Mobile;;;;;Servicio de cabinas de ensayo;Servicio de préstamo de instrumentos musicales a domicilio;;;;No;;No;;No;;Sí;8;8;8;9;9;8;8;8;8;8;No;;9;9;Un espacio de comedor. Y un horario más amplio.;De 41 a 64 años;Mujer;
40883216;2023-11-08 17:35:38;2023-11-08 17:50:29;339096;;Completa;Desktop;;;;;Servicio de cabinas de ensayo;;;;;No;;No;;No;;Sí;8;7;7;9;8;;;;;;No;;8;8;;De 18 a 25 años;Mujer;
40883217;2023-11-08 17:35:40;2023-11-08 17:36:28;339096;;Parcial;Mobile;;;;;Servicio de cabinas de ensayo;;;;;No;;;;;;;;;;;;;;;;;;;;;;;;
40883222;2023-11-08 17:38:29;2023-11-08 17:38:36;339096;;Completa;Mobile;;;;Servicio de préstamo (libros, partituras, audiovisuales);;;;;;Sí;8;No;;No;;Sí;9;8;9;9;9;5;7;7;8;8;No;;8;8;;De 41 a 64 años;Hombre;
40883263;2023-11-08 17:39:05;2023-11-08 17:40:38;339096;;Completa;Desktop;;;;Servicio de préstamo (libros, partituras, audiovisuales);Servicio de cabinas de ensayo;;;;;Sí;10;No;;No;;No;;;;10;10;10;10;10;10;10;No;;6;10;;De 41 a 64 años;Hombre;
40883286;2023-11-08 17:39:25;2023-11-08 17:41:15;339096;;Completa;Mobile;;;;;Servicio de cabinas de ensayo;;;;;No;;No;;No;;No;;;;8;9;7;8;7;8;8;No;;7;8;Ampliar el tiempo de ensayo a al menos 2 horas;De 26 a 40 años;Mujer;
40883295;2023-11-08 17:40:01;2023-11-08 17:52:05;339096;;Completa;Desktop;;;;;Servicio de cabinas de ensayo;;;;Actividades culturales (conciertos, talleres, visitas guiadas, exposiciones, conferencias, etc.);No;;No;;Sí;10;Sí;10;10;10;10;10;10;10;10;10;10;No;;10;10;La biblioteca Musical es estupenda. Es un privilegio tener un servicio de este tipo en el centro de Madrid. Doy la enhorabuena a todo el personal y a la institución. Creo que debe seguir adelante para las sucesivas generaciones.;De 18 a 25 años;Hombre;
40883298;2023-11-08 17:40:25;2023-11-08 17:42:53;339096;;Completa;Mobile;;;;;Servicio de cabinas de ensayo;;;;;No;;No;;Sí;8;Sí;7;6;7;7;8;6;3;5;7;5;Sí;9;5;6;La accesibilidad a enchufes ;De 18 a 25 años;Mujer;
40883305;2023-11-08 17:40:48;2023-11-08 17:41:57;339096;;Parcial;Mobile;;;;;;;;;Actividades culturales (conciertos, talleres, visitas guiadas, exposiciones, conferencias, etc.);No;;No;;Sí;9;Sí;8;9;9;9;10;;;;;;;;;;;;;
40883315;2023-11-08 17:41:22;2023-11-08 17:43:16;339096;;Completa;Desktop;;;;;Servicio de cabinas de ensayo;;;;;No;;No;;No;;Sí;8;8;;9;10;10;;;;;No;;9;9;;De 41 a 64 años;Hombre;
40883342;2023-11-08 17:43:05;2023-11-08 17:53:14;339096;;Completa;Desktop;;;;Servicio de préstamo (libros, partituras, audiovisuales);Servicio de cabinas de ensayo;;;;;Sí;10;No;;No;;No;;;;8;10;8;10;10;;;No;;10;9;La verdad es que no les he puesto 10 a todo para que no piensen que trabajo ahí y no tomen en cuenta mi encuesta. Ofrecen un servicio impecable en un lugar inmejorable.;De 41 a 64 años;Hombre;
40883407;2023-11-08 17:46:34;2023-11-08 17:47:50;339096;;Completa;Mobile;;;;Servicio de préstamo (libros, partituras, audiovisuales);Servicio de cabinas de ensayo;;;;Actividades culturales (conciertos, talleres, visitas guiadas, exposiciones, conferencias, etc.);No;;;;Sí;;No;;;;8;8;8;8;8;8;;Sí;8;;;;De 41 a 64 años;Mujer;
40883430;2023-11-08 17:47:34;2023-11-08 17:51:12;339096;;Completa;Mobile;;;;;Servicio de cabinas de ensayo;;;;Actividades culturales (conciertos, talleres, visitas guiadas, exposiciones, conferencias, etc.);No;;No;;Sí;9;No;;;;10;9;10;10;10;9;9;No;;9;10;Todo bien;De 41 a 64 años;Hombre;
40883496;2023-11-08 17:50:26;2023-11-08 17:54:06;339096;;Completa;Mobile;;;;Servicio de préstamo (libros, partituras, audiovisuales);;;;;Actividades culturales (conciertos, talleres, visitas guiadas, exposiciones, conferencias, etc.);Sí;10;No;;Sí;10;No;;;;10;10;;8;;;8;No;;;9;Que continúen las actividades.;Más de 65 años;Mujer;
40883548;2023-11-08 17:53:09;2023-11-08 18:00:37;339096;;Completa;Desktop;;;;;Servicio de cabinas de ensayo;;;;Actividades culturales (conciertos, talleres, visitas guiadas, exposiciones, conferencias, etc.);No;;No;;Sí;10;Sí;10;10;10;10;8;10;10;10;10;10;No;;8;10;;De 41 a 64 años;Hombre;
40883567;2023-11-08 17:54:16;2023-11-08 17:57:28;339096;;Completa;Mobile;;;;Servicio de préstamo (libros, partituras, audiovisuales);;;;;;Sí;3;No;;;;No;;;;9;5;;2;;;6;No;;;7;Más orden en el material y que se peguen las hojas y las portadas medio rotas.;De 26 a 40 años;Hombre;
40883616;2023-11-08 17:57:16;2023-11-08 18:00:25;339096;;Completa;Mobile;;;;Servicio de préstamo (libros, partituras, audiovisuales);;;;;;No;;No;;Sí;8;No;;;;10;10;10;10;7;;;;;;9;;De 18 a 25 años;Mujer;
40883617;2023-11-08 18:02:59;2023-11-08 17:59:17;339096;;Completa;Mobile;;;;;Servicio de cabinas de ensayo;;;;;No;;No;;No;;No;;;;8;8;;;;;;Sí;;8;8;;De 26 a 40 años;Mujer;
40883631;2023-11-08 17:58:26;2023-11-08 18:01:39;339096;;Completa;Desktop;;;;Servicio de préstamo (libros, partituras, audiovisuales);Servicio de cabinas de ensayo;;;;;No;;No;;No;;Sí;10;10;10;9;9;9;9;10;7;9;Sí;8;8;10;;De 26 a 40 años;;
40883635;2023-11-08 17:58:46;2023-11-08 18:04:07;339096;;Completa;Desktop;;;;;Servicio de cabinas de ensayo;;;;;No;;No;;No;;No;;;;6;;0;;6;;6;No;;0;6;Informar de los servicios de los que disponen. ;De 41 a 64 años;Mujer;
40883692;2023-11-08 18:02:07;2023-11-08 18:09:26;339096;;Completa;Desktop;;;;Servicio de préstamo (libros, partituras, audiovisuales);;;Servicio de información general y especializada;;;Sí;7;Sí;;No;;Sí;8;7;7;10;8;;8;8;8;9;Sí;8;;9;Rogaría, por favor, que la biblioteca fuera un ESPACIO DE SILENCIO y de RESPETO ACÚSTICO. He detectado varias veces el volumen altísimo de conversaciones intranscendentales. Esto es innecesario y privado. Creo dice poco en favor de una biblioteca de referencia musical en España. En este sentido, usuarios en el mostrador deberían hacer algo parecido.;De 41 a 64 años;Hombre;
40883697;2023-11-08 18:02:34;2023-11-08 18:03:13;339096;;Parcial;Mobile;;;;;Servicio de cabinas de ensayo;;;;;Sí;10;No;;No;;No;;;;;;;;;;;;;;;;;;
40883751;2023-11-08 18:06:02;2023-11-08 18:07:30;339096;;Completa;Desktop;;;;;Servicio de cabinas de ensayo;;;;;No;;No;;No;;No;;;;8;10;10;8;8;8;8;No;;8;9;;De 26 a 40 años;Hombre;
40883758;2023-11-08 18:06:39;2023-11-08 18:08:25;339096;;Completa;Mobile;;;;;Servicio de cabinas de ensayo;;;;;No;;No;;No;;No;;;;8;8;5;5;5;5;5;No;;5;8;;De 41 a 64 años;Mujer;
40883811;2023-11-08 18:09:29;2023-11-08 18:12:24;339096;;Completa;Mobile;;;;Servicio de préstamo (libros, partituras, audiovisuales);Servicio de cabinas de ensayo;;;;;Sí;10;No;;Sí;10;Sí;10;10;10;9;10;;;;;;;;;9;Horario más amplio de cabina de coro;De 41 a 64 años;Hombre;
40883953;2023-11-08 18:19:46;2023-11-08 18:25:03;339096;;Completa;Mobile;;;;;Servicio de cabinas de ensayo;;;;;No;;No;;No;;Sí;10;10;10;8;10;7;10;10;10;10;No;;;10;Que puedan ser reservados días consecutivos en las cabinas de estudio. Imposibilita el uso de los tres días en semana. Gracias;De 26 a 40 años;Hombre;
40884044;2023-11-08 18:23:10;2023-11-08 18:26:15;339096;;Completa;Mobile;;;;;Servicio de cabinas de ensayo;;;;;No;;No;;No;;No;;;;6;7;0;0;0;0;0;Sí;10;0;7;Insonorizar bien las cabinas de ensayo;De 26 a 40 años;Hombre;
40884069;2023-11-08 18:24:37;2023-11-08 18:45:05;339096;;Completa;Desktop;;;;Servicio de préstamo (libros, partituras, audiovisuales);Servicio de cabinas de ensayo;;;;;Sí;10;No;;No;;No;;;;10;10;5;8;8;5;10;No;;10;10;Tal vez asesoramiento en el prestamo de partituras. ;De 26 a 40 años;;
40884072;2023-11-08 18:24:36;2023-11-08 18:26:11;339096;;Completa;Mobile;;;;Servicio de préstamo (libros, partituras, audiovisuales);;Servicio de préstamo de instrumentos musicales a domicilio;;;;Sí;10;No;;No;;Sí;9;9;8;10;10;10;8;9;8;9;Sí;9;9;9;;De 26 a 40 años;Hombre;
40884117;2023-11-08 18:27:18;2023-11-08 18:31:05;339096;;Completa;Desktop;;;;Servicio de préstamo (libros, partituras, audiovisuales);Servicio de cabinas de ensayo;;;;Actividades culturales (conciertos, talleres, visitas guiadas, exposiciones, conferencias, etc.);No;;No;;Sí;9;No;;;;8;7;5;8;8;7;8;No;;7;7;que se pueda asistir mas veces, la verdad es un servicio que utilizo seguido porque no puedo hacer ruido en mi edificio y muchas veces me quedo sin poder agendar porque no puedo ir dos dias seguidos. ;De 26 a 40 años;Mujer;
40884131;2023-11-08 18:27:56;2023-11-08 18:31:32;339096;;Completa;Mobile;;;;;Servicio de cabinas de ensayo;;;;;No;;No;;No;;No;;;;6;6;;;;;;;;;7;Las sesiones de ensayo en cabina de grupo son cortas....se podría ofrecer algunas sesiones de 2h;De 41 a 64 años;Hombre;
40884143;2023-11-08 18:28:22;2023-11-08 18:30:26;339096;;Completa;Mobile;;;;Servicio de préstamo (libros, partituras, audiovisuales);Servicio de cabinas de ensayo;Servicio de préstamo de instrumentos musicales a domicilio;;;;No;;No;;No;;Sí;10;;10;10;10;10;10;10;10;10;No;;10;10;Todo perfecto ;De 41 a 64 años;Mujer;
40884146;2023-11-08 18:28:30;2023-11-08 18:29:24;339096;;Parcial;Mobile;;;;;;Servicio de préstamo de instrumentos musicales a domicilio;;;;No;;No;;No;;Sí;7;7;7;9;;;;;;;;;;;;;;
40884166;2023-11-08 18:29:24;2023-11-08 18:29:49;339096;;Parcial;Mobile;;;;;Servicio de cabinas de ensayo;;;;;No;;No;;;;;;;;;;;;;;;;;;;;;;
40884167;2023-11-08 18:29:25;2023-11-08 18:32:21;339096;;Completa;Mobile;;;;;Servicio de cabinas de ensayo;;;;;No;;No;;;;No;;;;2;5;;5;5;5;5;No;;1;5;Poder reservar todos los días,consecutivos. Hay veces que en teoria está todo reservado y ocupado y luego resulta que las cabinas están vacías ;De 26 a 40 años;Mujer;
40884198;2023-11-08 18:30:52;2023-11-08 18:33:06;339096;;Completa;Desktop;;;;;Servicio de cabinas de ensayo;;;;;No;;No;;No;;No;;;;9;1;9;8;9;10;9;No;;9;8;Más humanidad y empatía, sentido común, por parte del personal.;De 41 a 64 años;Mujer;
40884206;2023-11-08 18:31:25;2023-11-08 18:33:04;339096;;Completa;Mobile;;;;;Servicio de cabinas de ensayo;;;;;No;;No;;No;;No;;;;6;10;5;10;5;5;10;No;;4;8;;Menos de 18 años;;
40884227;2023-11-08 18:32:50;2023-11-08 18:36:24;339096;;Completa;Mobile;;;;Servicio de préstamo (libros, partituras, audiovisuales);Servicio de cabinas de ensayo;;;;Actividades culturales (conciertos, talleres, visitas guiadas, exposiciones, conferencias, etc.);No;;No;;No;;No;;;;10;10;9;10;10;10;10;No;;8;9;Revisión mas frecuente de los pianos ;Más de 65 años;Mujer;
40884231;2023-11-08 18:33:05;2023-11-08 18:38:15;339096;;Completa;Mobile;;;;Servicio de préstamo (libros, partituras, audiovisuales);Servicio de cabinas de ensayo;;;;Actividades culturales (conciertos, talleres, visitas guiadas, exposiciones, conferencias, etc.);Sí;7;No;;Sí;8;Sí;6;;;9;8;;6;;;5;Sí;4;9;8;Más formación para los empleados. Mejoras de la conexión de internet;De 41 a 64 años;Hombre;
40884260;2023-11-08 18:34:07;2023-11-08 18:36:53;339096;;Completa;Mobile;;;;;Servicio de cabinas de ensayo;;;Servicio de reprografía de documentos (fotocopias, digitalización);;No;;Sí;10;No;;;;;;10;10;8;10;10;10;10;No;;10;9;Aumentar el tiempo de estudio en las cabinas, y que se pueda asistir festivos y fines de semana;De 26 a 40 años;Hombre;
40884280;2023-11-08 18:35:03;2023-11-10 15:23:06;339096;;Completa;Mobile;;;;Servicio de préstamo (libros, partituras, audiovisuales);Servicio de cabinas de ensayo;;;;Actividades culturales (conciertos, talleres, visitas guiadas, exposiciones, conferencias, etc.);Sí;8;No;;;;;;;;8;8;6;8;7;7;8;No;;;7;;De 41 a 64 años;;
40884310;2023-11-08 18:36:08;2023-11-08 18:38:51;339096;;Completa;Mobile;;;;Servicio de préstamo (libros, partituras, audiovisuales);Servicio de cabinas de ensayo;;Servicio de información general y especializada;;;Sí;10;No;;No;;No;;;;9;10;10;10;10;0;10;Sí;10;10;10;Ampliar tiempo de devolución en algunos libros;De 26 a 40 años;Mujer;
40884321;2023-11-08 18:36:50;2023-11-08 18:40:06;339096;;Completa;Mobile;;;;Servicio de préstamo (libros, partituras, audiovisuales);Servicio de cabinas de ensayo;;;;;No;;No;;No;;Sí;10;;10;10;10;;10;;;10;No;;3;10;Solo tengo que sugerir que se afinen los pianos. Muchas gracias ;Más de 65 años;Mujer;
40884369;2023-11-08 18:39:51;2023-11-08 18:42:57;339096;;Completa;Mobile;;;;;Servicio de cabinas de ensayo;;;;;No;;No;;No;;Sí;8;8;9;8;9;5;9;6;7;9;Sí;7;8;8;;De 41 a 64 años;Hombre;
40884397;2023-11-08 18:41:31;2023-11-08 18:47:17;339096;;Completa;Desktop;;;;;Servicio de cabinas de ensayo;;;;;No;;No;;No;;Sí;9;9;9;8;10;8;5;5;;;No;;6;8;Respecto a las cabinas de ensayo, los pianos en su mayoría están desafinados. Sería importante afinarlos. El servicio de las cabinas de ensayo es muy útil, en general está muy bien por poner una mejora diría que se pudiese ampliar el horario de ensayo hasta las 21:00-22:00 de forma que se pudiese alargar el tiempo de ensayo para cada persona a una hora y 45 minutos ó 2 horas.  ;De 26 a 40 años;Mujer;
40884414;2023-11-08 18:42:35;2023-11-08 18:44:51;339096;;Completa;Mobile;;;;;Servicio de cabinas de ensayo;;;Servicio de reprografía de documentos (fotocopias, digitalización);;No;;Sí;9;Sí;10;Sí;7;7;7;9;9;9;8;8;7;7;Sí;6;8;8;Añadir más cabinas de estudio;De 18 a 25 años;Mujer;
40884438;2023-11-08 18:43:59;2023-11-08 18:46:02;339096;;Completa;Mobile;;;;Servicio de préstamo (libros, partituras, audiovisuales);;;;;;Sí;8;No;;No;;No;;;;8;8;;;;;;;;;8;;De 41 a 64 años;Hombre;
40884495;2023-11-08 18:47:02;2023-11-08 18:48:36;339096;;Completa;Desktop;;;;;;Servicio de préstamo de instrumentos musicales a domicilio;;;;No;;No;;No;;Sí;8;8;8;9;9;10;8;8;8;8;No;;8;9;;De 41 a 64 años;Hombre;
40884529;2023-11-08 18:49:42;2023-11-08 18:51:10;339096;;Completa;Mobile;;;;;;Servicio de préstamo de instrumentos musicales a domicilio;;;;No;;No;;No;;Sí;8;8;8;8;9;;8;;8;8;No;;7;8;;De 41 a 64 años;Hombre;
40884531;2023-11-08 18:49:42;2023-11-08 18:50:50;339096;;Parcial;Mobile;;;;;Servicio de cabinas de ensayo;;;;;No;;No;;No;;No;;;;8;7;0;;;;;;;;7;;;;
40884556;2023-11-08 18:51:25;2023-11-08 18:52:58;339096;;Completa;Mobile;;;;Servicio de préstamo (libros, partituras, audiovisuales);Servicio de cabinas de ensayo;Servicio de préstamo de instrumentos musicales a domicilio;Servicio de información general y especializada;;;No;;;9;No;;;;10;10;;;;;;;;Sí;7;10;10;Cachopo;De 41 a 64 años;;
40884577;2023-11-08 18:52:22;2023-11-08 18:54:37;339096;;Completa;Mobile;;;;;Servicio de cabinas de ensayo;;;;;No;;No;;No;;No;;;;10;10;4;10;10;5;10;No;;10;10;Podría decir que el servicio que brindan es excelente.;De 41 a 64 años;Mujer;
40884597;2023-11-08 18:53:09;2023-11-08 18:56:00;339096;;Completa;Mobile;;;;Servicio de préstamo (libros, partituras, audiovisuales);;;;;;Sí;8;No;;No;;Sí;7;7;8;9;7;6;7;5;7;5;No;;7;8;Hay pocos libros sobre música contemporánea y electroacústica;De 18 a 25 años;Hombre;
40884637;2023-11-08 18:55:41;2023-11-08 18:56:36;339096;;Completa;Mobile;;;;;Servicio de cabinas de ensayo;;;;;Sí;;No;;Sí;;No;;;;7;8;;9;8;;6;No;;;9;;De 26 a 40 años;;
40884706;2023-11-08 19:00:21;2023-11-08 19:02:06;339096;;Completa;Mobile;;;;;Servicio de cabinas de ensayo;;;;Actividades culturales (conciertos, talleres, visitas guiadas, exposiciones, conferencias, etc.);No;;No;;Sí;10;Sí;8;9;9;10;10;;;;;;;;;10;;De 26 a 40 años;Mujer;
40884752;2023-11-08 19:02:41;2023-11-08 19:04:17;339096;;Completa;Mobile;;;;Servicio de préstamo (libros, partituras, audiovisuales);;Servicio de préstamo de instrumentos musicales a domicilio;;;;No;;No;;No;;No;;;;10;9;10;10;6;10;5;No;;10;8;;De 26 a 40 años;;
40884798;2023-11-08 19:05:26;2023-11-08 19:10:40;339096;;Completa;Mobile;;;;Servicio de préstamo (libros, partituras, audiovisuales);Servicio de cabinas de ensayo;;;;;No;;No;;No;;No;;;;10;10;10;10;10;10;10;No;;10;10;Estaría muy bien que el tiempo de uso de las cabinas de ensayo de instrumento fuera más amplio. Teniendo en cuenta que no se pueden usar dos días de seguido, al menos podría usarse dos horas cada día que vamos, ya que 1h 30' no es suficiente tiempo para estudiar el instrumento, sobretodo para los que solo tenemos ese lugar para ir a tocar.;De 26 a 40 años;Mujer;
40884810;2023-11-08 19:06:33;2023-11-08 19:09:04;339096;;Completa;Desktop;;;;Servicio de préstamo (libros, partituras, audiovisuales);;;;;;No;;No;;No;;Sí;9;9;9;9;5;9;9;9;9;9;No;;9;9;Ampliar fondos y más actividades.;De 41 a 64 años;Hombre;
40884838;2023-11-08 19:08:48;2023-11-08 19:12:33;339096;;Completa;Mobile;;;;;Servicio de cabinas de ensayo;;;;;No;;No;;No;;No;;;;10;;;;;;;No;;7;8;;De 26 a 40 años;Mujer;
40884900;2023-11-08 19:11:53;2023-11-08 19:15:51;339096;;Completa;Mobile;;;;;Servicio de cabinas de ensayo;;;;Actividades culturales (conciertos, talleres, visitas guiadas, exposiciones, conferencias, etc.);;;No;;Sí;10;Sí;4;6;5;8;9;4;9;6;8;4;No;;4;8;"Habría que contemplar la renovación de los instrumentos de cabina y la posibilidad de que las cabinas tengan ventana, son espacios mal iluminados y algo agobiantes. También se podría ampliar el préstamo de instrumentos a gente que no esté cursando un grado concreto en ese instrumento. Pero en general estoy muy contenta con los servicios. Las profesoras del coro son un 10. ;) ";De 26 a 40 años;Mujer;
40884911;2023-11-08 19:15:02;2023-11-08 19:16:02;339096;;Completa;Mobile;;;;;Servicio de cabinas de ensayo;;;;;No;;No;;No;;Sí;2;2;3;10;6;8;10;7;10;5;No;;8;10;Más cabinas de ensayo para bandas independiente ;De 26 a 40 años;Hombre;
40884948;2023-11-08 19:15:14;2023-11-08 19:21:29;339096;;Completa;Mobile;;;;;Servicio de cabinas de ensayo;;;;;No;;No;;No;;Sí;9;8;8;10;10;9;;9;9;9;No;;10;10;Ampliación del número de cabinas de ensayo.;De 41 a 64 años;;
40884952;2023-11-08 19:15:25;2023-11-08 19:25:07;339096;;Completa;Mobile;;;;;;Servicio de préstamo de instrumentos musicales a domicilio;;;;No;;No;;No;;Sí;10;10;10;10;10;10;10;10;10;10;No;;10;10;;De 41 a 64 años;Hombre;
40884972;2023-11-08 19:16:03;2023-11-08 19:17:53;339096;;Completa;Mobile;;;;Servicio de préstamo (libros, partituras, audiovisuales);;;;;;Sí;10;No;;No;;Sí;8;9;9;10;10;10;10;10;10;10;No;;10;10;;De 26 a 40 años;Hombre;
40885005;2023-11-08 19:18:23;2023-11-08 19:44:41;339096;;Parcial;Mobile;;;;Servicio de préstamo (libros, partituras, audiovisuales);Servicio de cabinas de ensayo;;;;;No;;No;;No;;Sí;5;5;5;7;1;;;;;;No;;7;2;Tomar medidas disciplinarias contra los ;;;
40885078;2023-11-08 19:22:03;2023-11-08 19:24:10;339096;;Completa;Desktop;;;;;Servicio de cabinas de ensayo;;;;;No;;No;;No;;Sí;;;;8;6;6;;;;;No;;6;6;;De 41 a 64 años;Hombre;
40885087;2023-11-08 19:22:13;2023-11-08 19:22:45;339096;;Parcial;Mobile;;;;Servicio de préstamo (libros, partituras, audiovisuales);;;;;Actividades culturales (conciertos, talleres, visitas guiadas, exposiciones, conferencias, etc.);Sí;;;;;;;;;;;;;;;;;;;;;;;;
40885098;2023-11-08 19:22:47;2023-11-08 19:24:57;339096;;Completa;Mobile;;;;;Servicio de cabinas de ensayo;;;;;No;;No;;;;No;;;;10;;8;;;10;;No;;;;;De 41 a 64 años;;
40885156;2023-11-08 19:27:50;2023-11-08 19:29:09;339096;;Completa;Desktop;;;;Servicio de préstamo (libros, partituras, audiovisuales);Servicio de cabinas de ensayo;Servicio de préstamo de instrumentos musicales a domicilio;;;Actividades culturales (conciertos, talleres, visitas guiadas, exposiciones, conferencias, etc.);Sí;10;No;;Sí;10;Sí;10;10;10;10;10;10;10;10;10;10;Sí;10;10;10;;De 26 a 40 años;Hombre;
40885243;2023-11-08 19:33:19;2023-11-08 19:36:47;339096;;Completa;Mobile;;;;;;Servicio de préstamo de instrumentos musicales a domicilio;;;;No;;No;;No;;No;;;;8;8;8;8;8;8;8;Sí;8;8;8;;De 41 a 64 años;Mujer;
40885293;2023-11-08 19:36:16;2023-11-08 19:41:03;339096;;Completa;Desktop;;;;;Servicio de cabinas de ensayo;;;;;No;;No;;No;;Sí;8;10;8;3;9;10;4;8;8;8;No;;5;7;El acondicionamiento de las cabinas de ensayo, que es lo que yo utilizo, es manifiestamente mejorable: insonorización, ventilación. Los pianos necesitarían un mantenimiento que no tienen, o al menos no tienen con la periodicidad que es necesaria para el número de manos diferentes que los tocan cada día. EL servicio de cita previa para las cabinas es excelente, pero en mi opinión habría que penalizar más a las personas que reservan y no aparecen. De forma habitual, de las 6 cabinas con piano siempre sobra alguna o algunas en cada tramo horario, y muchas veces no acudo porque no hay citas en la web cuando al final sí que van a sobrar cabinas, esto es claramente porque hay mucha gente que reserva y no aparece. Es una lástima. Por otra parte no hay un servicio igual en Madrid, público, gratuito. Algunos como yo nos desplazamos mucho tiempo para ir a Conde Duque a tocar, a estudiar. Sería genial poder tener tramos horarios un poco más largos, como de 2h al menos, y que a las personas que realmente reservamos y vamos siempre que se nos permita a veces reservar dos tramos seguidos, días consecutivos, etc. Gracias por preguntarnos!;De 26 a 40 años;Hombre;
40885305;2023-11-08 19:36:59;2023-11-08 19:37:45;339096;;Parcial;Mobile;;;;;Servicio de cabinas de ensayo;;;;;No;;No;;No;;No;;;;7;10;5;5;;;;;;;;;;;
40885387;2023-11-08 19:42:30;2023-11-08 19:45:35;339096;;Completa;Desktop;;;;Servicio de préstamo (libros, partituras, audiovisuales);;;;;;No;;No;;No;;No;;;;9;10;10;9;10;10;;;;;10;;De 26 a 40 años;;
40885399;2023-11-08 19:43:10;2023-11-08 19:43:56;339096;;Parcial;Mobile;;;;;Servicio de cabinas de ensayo;;;;;No;;No;;No;;Sí;8;8;8;9;9;;;;;;;;;;;;;
40885478;2023-11-08 19:44:39;2023-11-08 19:49:24;339096;;Completa;Mobile;;;;Servicio de préstamo (libros, partituras, audiovisuales);;;;;;Sí;10;No;;No;;No;;;;8;10;8;8;10;10;8;No;;8;9;"Ampliar los fondos de libros y partituras progresivamente; dar difusión on line de las actividadese las actividades";Más de 65 años;Hombre;
40885497;2023-11-08 19:46:09;2023-11-08 19:49:26;339096;;Parcial;Mobile;;;;;Servicio de cabinas de ensayo;;;;;No;;No;;No;;No;;;;8;9;5;5;5;5;5;No;;8;8;Sería ideal la apertura de un horario de salas de ensayo en los fines de semana. ;;;
40885502;2023-11-08 19:46:18;2023-11-08 19:48:47;339096;;Completa;Desktop;;;;Servicio de préstamo (libros, partituras, audiovisuales);Servicio de cabinas de ensayo;;;;;No;;No;;;;No;;;;10;10;10;10;10;10;10;No;;10;10;Más calefacción, en invierno en ocasiones hace frío en la biblioteca. ;De 41 a 64 años;Mujer;
40885508;2023-11-08 19:46:37;2023-11-08 19:49:06;339096;;Completa;Tablet;;;;Servicio de préstamo (libros, partituras, audiovisuales);Servicio de cabinas de ensayo;;;;;No;;No;;No;;Sí;10;10;10;8;10;10;10;10;10;10;No;;8;9;Sería estupendo que se pudiesen hacer más reservas (todos los días por ejemplo o durante más tiempo) y que hubiese más cabinas de ensayo.;De 26 a 40 años;Mujer;
40885607;2023-11-08 19:51:13;2023-11-08 19:56:41;339096;;Completa;Mobile;;;;Servicio de préstamo (libros, partituras, audiovisuales);Servicio de cabinas de ensayo;Servicio de préstamo de instrumentos musicales a domicilio;Servicio de información general y especializada;Servicio de reprografía de documentos (fotocopias, digitalización);Actividades culturales (conciertos, talleres, visitas guiadas, exposiciones, conferencias, etc.);Sí;10;Sí;0;Sí;9;Sí;9;10;7;10;10;10;10;10;9;7;No;;10;9;Por favor, no incluyan la reprografía como servicio ya que es inexistente desde hace muchos años. Probablemente sea culpa como siempre de presupuesto pero por favor, hoy día una biblioteca así sin una reprografía eficaz es horrible. Solo le falta eso para ser una de las mejores bibliotecas musicales a nivel nacional. Muchas gracias!! ;De 26 a 40 años;Hombre;
40885718;2023-11-08 19:56:43;2023-11-08 19:59:10;339096;;Completa;Mobile;;;;;Servicio de cabinas de ensayo;;;;;No;;No;;No;;Sí;9;6;8;9;10;9;6;8;;;No;;7;8;Algún piano está desafinado. El atril para las partituras podría tener una esteuctura rigida para que las hojas no se caigan 😊;De 26 a 40 años;Hombre;
40885843;2023-11-08 19:59:16;2023-11-08 20:00:14;339096;;Completa;Mobile;;;;;Servicio de cabinas de ensayo;;;;;No;;No;;No;;Sí;10;10;10;10;10;;;10;10;10;Sí;10;10;10;;De 18 a 25 años;Mujer;
40885881;2023-11-08 20:02:11;2023-11-08 20:03:54;339096;;Completa;Desktop;;;;;Servicio de cabinas de ensayo;;;;;No;;No;;No;;No;;;;10;8;0;4;6;5;5;No;;5;;;De 41 a 64 años;Hombre;
40885885;2023-11-08 20:02:31;2023-11-08 20:04:03;339096;;Completa;Mobile;;;;Servicio de préstamo (libros, partituras, audiovisuales);Servicio de cabinas de ensayo;;;;;Sí;10;No;;No;;No;;;;9;10;10;10;10;10;10;No;;10;10;;De 26 a 40 años;Hombre;
40885894;2023-11-08 20:03:07;2023-11-08 20:04:28;339096;;Parcial;Mobile;;;;;Servicio de cabinas de ensayo;;;;;No;;No;;No;;Sí;6;6;6;10;10;6;10;6;6;6;No;;7;;;;;
40886027;2023-11-08 20:12:23;2023-11-08 20:13:44;339096;;Completa;Mobile;;;;;;Servicio de préstamo de instrumentos musicales a domicilio;;;;No;;No;;No;;No;;;;10;10;10;5;5;10;10;No;;5;10;;De 41 a 64 años;Mujer;
40886121;2023-11-08 20:18:56;2023-11-08 20:22:39;339096;;Completa;Mobile;;;;Servicio de préstamo (libros, partituras, audiovisuales);;Servicio de préstamo de instrumentos musicales a domicilio;;;;Sí;8;No;;No;;No;;;;9;9;8;8;7;5;8;No;;5;8;Mayor difusión de las actividades culturales que se celebran en la biblioteca;De 26 a 40 años;Mujer;
40886165;2023-11-08 20:21:23;2023-11-08 20:25:36;339096;;Completa;Mobile;;;;;Servicio de cabinas de ensayo;;;Servicio de reprografía de documentos (fotocopias, digitalización);;No;;Sí;10;No;;Sí;8;8;7;10;10;8;9;9;7;10;No;;8;9;Cambiaría la política de reserva de cabinas para que se pudieran reservar dos días seguidos. Los músicos necesitamos mucho estudio antes de un concierto y esto nos lo permitiría.;De 26 a 40 años;Mujer;
40886272;2023-11-08 20:28:37;2023-11-08 20:30:38;339096;;Completa;Desktop;;;;;;Servicio de préstamo de instrumentos musicales a domicilio;;;Actividades culturales (conciertos, talleres, visitas guiadas, exposiciones, conferencias, etc.);No;;No;;Sí;9;Sí;9;9;9;10;10;10;9;;9;10;No;;;10;;Más de 65 años;Hombre;
40886398;2023-11-08 20:36:39;2023-11-08 20:39:41;339096;;Completa;Mobile;;;;;Servicio de cabinas de ensayo;;;;;No;;No;;No;;Sí;10;10;10;10;10;10;10;10;10;10;No;;9;10;Que no decaiga su buen hacer;De 41 a 64 años;Hombre;
40886467;2023-11-08 20:41:45;2023-11-08 20:43:25;339096;;Completa;Mobile;;;;Servicio de préstamo (libros, partituras, audiovisuales);;;;;Actividades culturales (conciertos, talleres, visitas guiadas, exposiciones, conferencias, etc.);No;;No;;Sí;10;Sí;9;8;6;9;9;5;8;7;7;;Sí;7;7;7;;De 41 a 64 años;Mujer;
40886493;2023-11-08 20:43:21;2023-11-08 20:45:13;339096;;Completa;Desktop;;;;;;;;;Actividades culturales (conciertos, talleres, visitas guiadas, exposiciones, conferencias, etc.);;;;;;;;;;;7;;;9;7;;8;No;;;8;;Más de 65 años;Mujer;
40886499;2023-11-08 20:43:52;2023-11-08 20:47:47;339096;;Completa;Mobile;;;;;;Servicio de préstamo de instrumentos musicales a domicilio;;;;Sí;8;No;;No;;No;;;;9;10;10;5;5;5;5;No;;5;9;;Más de 65 años;Hombre;
40886612;2023-11-08 20:50:43;2023-11-08 20:58:26;339096;;Completa;Desktop;;;;;Servicio de cabinas de ensayo;;;;;No;;No;;;;Sí;7;;7;9;;;8;;;;No;;6;7;Algún piano está bastante castigado ya.;De 41 a 64 años;Hombre;
40889127;2023-11-08 21:02:25;2023-11-08 21:04:16;339096;;Completa;Mobile;;;;;Servicio de cabinas de ensayo;;;;;No;;No;;No;;Sí;10;10;10;10;9;10;10;7;9;10;No;;10;10;;De 18 a 25 años;Hombre;
40889466;2023-11-08 21:03:32;2023-11-08 21:06:36;339096;;Completa;Mobile;;;;Servicio de préstamo (libros, partituras, audiovisuales);Servicio de cabinas de ensayo;;;;;Sí;8;No;;No;;Sí;6;;;8;9;5;7;8;7;7;No;;5;7;Mayor disponibilidad de cabinas de estudio con piano;De 26 a 40 años;Mujer;
40889843;2023-11-08 21:04:47;2023-11-08 21:09:42;339096;;Completa;Mobile;;;;Servicio de préstamo (libros, partituras, audiovisuales);Servicio de cabinas de ensayo;;;;Actividades culturales (conciertos, talleres, visitas guiadas, exposiciones, conferencias, etc.);No;;No;;No;;;3;;0;10;10;;10;8;;8;No;;6;8;Más ejemplares de lo más demandado;Más de 65 años;Mujer;
40889960;2023-11-08 21:05:10;2023-11-08 21:08:11;339096;;Completa;Mobile;;;;;Servicio de cabinas de ensayo;;;;Actividades culturales (conciertos, talleres, visitas guiadas, exposiciones, conferencias, etc.);No;;No;;Sí;10;Sí;8;;9;10;;;10;10;;9;No;;10;10;;De 26 a 40 años;Mujer;
40890067;2023-11-08 21:05:31;2023-11-08 21:08:13;339096;;Completa;Mobile;;;;;Servicio de cabinas de ensayo;;;;;No;;No;;No;;No;;;;8;10;10;6;6;6;10;No;;6;8;La calefacción estaba sofocante la vez que fui. Por ende no sólo uno sino también los instrumentos sufren;De 26 a 40 años;Mujer;
40891487;2023-11-08 21:10:02;2023-11-08 21:13:21;339096;;Completa;Tablet;;;;;Servicio de cabinas de ensayo;;;;Actividades culturales (conciertos, talleres, visitas guiadas, exposiciones, conferencias, etc.);No;;No;;Sí;9;Sí;9;;;9;9;;;;;;No;;9;9;;Más de 65 años;Mujer;
40892121;2023-11-08 21:14:49;2023-11-08 21:18:42;339096;;Completa;Mobile;;;;;;Servicio de préstamo de instrumentos musicales a domicilio;;;Actividades culturales (conciertos, talleres, visitas guiadas, exposiciones, conferencias, etc.);No;;No;;No;;No;;;;7;10;4;5;5;5;8;No;;0;7;Toco el saxofón y resulta que justo para mi no existe el prestamo ocasional del instrumento para ensayar en las cabinas un día suelto, hay muchos instrumentos, pero no saxofón.;De 26 a 40 años;Hombre;
40892188;2023-11-08 21:20:08;2023-11-08 21:21:56;339096;;Completa;Mobile;;;;;;Servicio de préstamo de instrumentos musicales a domicilio;;;;No;;No;;No;;Sí;7;7;7;9;10;10;7;7;7;7;No;;10;8;;De 41 a 64 años;Mujer;
40892196;2023-11-08 21:20:30;2023-11-08 21:28:27;339096;;Completa;Desktop;;;;Servicio de préstamo (libros, partituras, audiovisuales);;;;;;Sí;6;No;;No;;Sí;6;5;5;7;8;7;6;6;6;6;No;;6;6;Creo que las estanterias deberian ser de acceso libre y sin llave. No tiene sentido tener libros con llave. Tambien creo que se deberia perseguir mas a aquellos usuarios que no devuelven los libros prestados. Es una buena biblioteca 3sp3cializada en musica y el acceso a sus fondos deberian ser mas accesibles;De 41 a 64 años;Mujer;
40892300;2023-11-08 21:28:12;2023-11-09 12:59:22;339096;;Completa;Mobile;;;;;Servicio de cabinas de ensayo;;;;Actividades culturales (conciertos, talleres, visitas guiadas, exposiciones, conferencias, etc.);No;;No;;Sí;10;No;;;;10;10;;;;;;;;;10;;De 41 a 64 años;Mujer;
40893749;2023-11-08 21:49:46;2023-11-08 21:55:35;339096;;Completa;Desktop;;;;Servicio de préstamo (libros, partituras, audiovisuales);;;Servicio de información general y especializada;;Actividades culturales (conciertos, talleres, visitas guiadas, exposiciones, conferencias, etc.);Sí;;No;;Sí;9;No;;;;9;10;5;10;9;9;9;No;;5;9;Pienso que las instituciones culturales del Ayuntamiento (Hemeroteca, Bibliotecas) deberían cambiar su presentación al público general: a los chavales jóvenes les gusta hacer música, el hip hop, el rap ¿por qué no se dan a conocer entre este público? Cambien el diseño de la web, háganla más atractiva. La música es también un diálogo entre culturas: las distintas músicas cristianas, las islámicas, budistas, etc. Ofrezcan la visión de centro de intercambio cultural. Pero es una sugerencia y puedo estar equivocado;De 41 a 64 años;Hombre;
40894009;2023-11-08 22:03:38;2023-11-08 22:09:35;339096;;Completa;Desktop;;;;Servicio de préstamo (libros, partituras, audiovisuales);;;Servicio de información general y especializada;;Actividades culturales (conciertos, talleres, visitas guiadas, exposiciones, conferencias, etc.);Sí;9;;;Sí;9;Sí;9;7;7;9;9;;9;7;8;;No;;;9;;De 41 a 64 años;Mujer;
40894025;2023-11-08 22:04:43;2023-11-08 22:08:03;339096;;Completa;Tablet;;;;Servicio de préstamo (libros, partituras, audiovisuales);Servicio de cabinas de ensayo;;;;;Sí;9;Sí;8;No;;No;;;;8;7;10;9;10;9;7;No;;8;9;;De 41 a 64 años;Hombre;
40894053;2023-11-08 22:06:32;2023-11-08 22:08:04;339096;;Completa;Mobile;;;;;Servicio de cabinas de ensayo;;;;;No;;No;;No;;No;;;;10;10;10;;;;10;No;;9;10;;De 26 a 40 años;Mujer;
40894199;2023-11-08 22:18:27;2023-11-08 22:20:51;339096;;Completa;Mobile;;;;;Servicio de cabinas de ensayo;;;;;No;;No;;No;;Sí;8;7;8;9;7;8;8;7;;;No;;9;8;Más disponibilidad en cabinas se wnsayo;De 41 a 64 años;Mujer;
40894282;2023-11-08 22:24:13;2023-11-08 22:25:29;339096;;Completa;Mobile;;;;Servicio de préstamo (libros, partituras, audiovisuales);Servicio de cabinas de ensayo;;;;;No;;No;;No;;Sí;10;10;10;10;10;10;10;10;10;10;Sí;10;8;10;;De 18 a 25 años;Mujer;
40894329;2023-11-08 22:28:34;2023-11-08 23:28:21;339096;;Completa;Desktop;;;;;Servicio de cabinas de ensayo;;;;;No;;No;;No;;No;;;;10;10;10;10;10;10;10;Sí;10;10;10;No se me ocurre ninguna pues todo funcionó de manera exelente.;De 41 a 64 años;Hombre;
40894330;2023-11-08 22:28:42;2023-11-08 22:31:16;339096;;Completa;Desktop;;;;;Servicio de cabinas de ensayo;;;;;No;;No;;No;;No;;;;10;10;;;;;;No;;10;10;;De 41 a 64 años;Mujer;
40894352;2023-11-08 22:30:13;2023-11-08 22:31:42;339096;;Parcial;Mobile;;;;Servicio de préstamo (libros, partituras, audiovisuales);;;;;Actividades culturales (conciertos, talleres, visitas guiadas, exposiciones, conferencias, etc.);No;;No;;No;;;;;;8;;;;1;;;;;;;;;;
40894405;2023-11-08 22:34:06;2023-11-08 22:36:58;339096;;Completa;Mobile;;;;;Servicio de cabinas de ensayo;;;;;No;;No;;No;;No;;;;9;8;0;9;6;0;7;No;;8;7;Dentro de las cabinas, en la de rock son batería varias cosas. Revisar más frecuentemente parches y platos ya que al ser una batería se pueden romper con Facilidad y adherir algún plato como china, splash u otro crash para darle más versatilidad.;De 18 a 25 años;Hombre;
40894528;2023-11-08 22:47:15;2023-11-08 22:50:01;339096;;Completa;Mobile;;;;;Servicio de cabinas de ensayo;;;;;No;;No;;No;;No;;;;10;10;10;;;;10;Sí;10;;10;Considero que la pausa entre reserva y reserva de cabina  es demasiado larga. Podría sacarse más partido y más uso. También considero que sería ideal que por lo menos estuviera abierto también los sábados por la mañana.;De 26 a 40 años;Mujer;
40894545;2023-11-08 22:48:52;2023-11-08 22:51:59;339096;;Completa;Mobile;;;;;Servicio de cabinas de ensayo;;;;;No;;No;;No;;No;;;;10;10;;8;6;;;No;;9;9;;De 18 a 25 años;Hombre;
40894644;2023-11-08 22:59:52;2023-11-08 23:01:57;339096;;Completa;Mobile;;;;Servicio de préstamo (libros, partituras, audiovisuales);;;;;;No;;No;;No;;Sí;10;10;10;10;10;;10;10;;10;No;;;10;;De 41 a 64 años;Mujer;
40894648;2023-11-08 23:00:03;2023-11-08 23:02:49;339096;;Completa;Mobile;;;;Servicio de préstamo (libros, partituras, audiovisuales);;;;;Actividades culturales (conciertos, talleres, visitas guiadas, exposiciones, conferencias, etc.);Sí;9;No;;Sí;10;No;;;;10;10;8;8;8;9;8;No;;;9;;De 41 a 64 años;Mujer;
40894662;2023-11-08 23:01:43;2023-11-08 23:05:32;339096;;Completa;Mobile;;;;Servicio de préstamo (libros, partituras, audiovisuales);;Servicio de préstamo de instrumentos musicales a domicilio;;;;No;;No;;No;;No;;;;10;10;10;10;10;10;10;No;;7;10;;De 41 a 64 años;Mujer;
40894666;2023-11-08 23:02:09;2023-11-08 23:05:32;339096;;Completa;Desktop;;;;;;;Servicio de información general y especializada;;Actividades culturales (conciertos, talleres, visitas guiadas, exposiciones, conferencias, etc.);Sí;10;No;;Sí;10;Sí;8;8;8;5;10;10;5;5;10;10;No;;8;9;Dotar de más presupuesto y personal a la Biblioteca para que pueda tener los medios de atender al público, realizar el servicio y crecer.;De 26 a 40 años;Mujer;
40894676;2023-11-08 23:03:48;2023-11-08 23:06:22;339096;;Completa;Mobile;;;;Servicio de préstamo (libros, partituras, audiovisuales);Servicio de cabinas de ensayo;;;;;No;;No;;No;;;;;;8;9;;;;;;;;;9;;Más de 65 años;Mujer;
40894724;2023-11-08 23:08:21;2023-11-08 23:10:22;339096;;Completa;Mobile;;;;Servicio de préstamo (libros, partituras, audiovisuales);;;;;;Sí;10;No;;No;;No;;;;10;10;10;10;10;10;10;No;;;10;;De 41 a 64 años;Mujer;
40894765;2023-11-08 23:11:54;2023-11-08 23:14:49;339096;;Completa;Mobile;;;;;Servicio de cabinas de ensayo;;;;;No;;No;;No;;Sí;8;7;8;9;10;0;10;;9;9;No;;8;9;Más lugares de lectura ;De 41 a 64 años;Mujer;
40894945;2023-11-08 23:29:34;2023-11-08 23:31:56;339096;;Completa;Mobile;;;;;Servicio de cabinas de ensayo;Servicio de préstamo de instrumentos musicales a domicilio;;;;No;;No;;No;;No;;;;10;;10;;10;;10;No;;10;10;;De 26 a 40 años;Hombre;
40894990;2023-11-08 23:35:07;2023-11-08 23:40:18;339096;;Completa;Desktop;;;;;Servicio de cabinas de ensayo;;;;;No;;No;;No;;Sí;9;8;8;9;9;;;;;;Sí;9;6;10;Permitir reservar cabinas en días consecutivos;Más de 65 años;Hombre;
40895107;2023-11-08 23:46:20;2023-11-08 23:48:03;339096;;Completa;Mobile;;;;;Servicio de cabinas de ensayo;;;;;No;;No;;No;;No;;;;9;9;;;;;;;;;9;No se me ocurre nada en.psrticular;De 41 a 64 años;Hombre;
40895149;2023-11-08 23:50:47;2023-11-08 23:51:49;339096;;Completa;Desktop;;;;;Servicio de cabinas de ensayo;;;;;No;;No;;;;Sí;8;8;8;9;10;6;7;8;;7;No;;9;9;;De 26 a 40 años;Mujer;
40895155;2023-11-08 23:51:38;2023-11-08 23:52:57;339096;;Parcial;Mobile;;;;;Servicio de cabinas de ensayo;;;;;;;;;;;;;;;;;;;;;;;;;;;;;
40895596;2023-11-09 00:43:07;2023-11-09 00:47:04;339096;;Completa;Desktop;;;;Servicio de préstamo (libros, partituras, audiovisuales);Servicio de cabinas de ensayo;;;;Actividades culturales (conciertos, talleres, visitas guiadas, exposiciones, conferencias, etc.);Sí;10;No;;Sí;10;No;;;;8;10;10;10;8;10;10;No;;8;9;Sólo veo un par de cosas que podrían considerarse, que podrían disponibilizar más instrumentos para poder alquilar, y préstamo de partituras para sacarlas de la biblioteca. De resto todo perfecto. ;De 18 a 25 años;Hombre;
40895891;2023-11-09 01:13:32;2023-11-09 01:20:24;339096;;Completa;Desktop;;;;Servicio de préstamo (libros, partituras, audiovisuales);;Servicio de préstamo de instrumentos musicales a domicilio;;;Actividades culturales (conciertos, talleres, visitas guiadas, exposiciones, conferencias, etc.);No;;No;;Sí;9;Sí;7;7;7;7;10;10;7;;7;7;No;;;10;Dada la importancika del trabajo que realizan, me gustaría que contaran con más presupuesto para poder realizar más actividades y poder ofrecer más préstamo de instrumentos. Agradecemos el trato recibido por los trabajadores de la Biblioteca, que son súper amables y eficaces en todas sus gestiones... ¡de 10!;De 41 a 64 años;Mujer;
40896054;2023-11-09 01:29:57;2023-11-09 01:30:59;339096;;Parcial;Desktop;;;;;Servicio de cabinas de ensayo;;;;;No;;No;;No;;Sí;8;7;8;7;9;10;10;9;9;9;No;;7;;;;;
40896084;2023-11-09 01:33:34;2023-11-09 01:37:01;339096;;Completa;Mobile;;;;;Servicio de cabinas de ensayo;;;;;No;;No;;No;;No;;;;9;8;8;8;8;8;8;No;;8;8;Que las cabinas de ensayo tengan mejor insonorización;De 41 a 64 años;Mujer;
40896677;2023-11-09 02:30:54;2023-11-09 02:40:30;339096;;Completa;Desktop;;;;;Servicio de cabinas de ensayo;;;;;No;;No;;No;;No;;;;10;8;0;0;8;0;8;No;;10;9;Un poco mas de de simpatia de los trabajadores, me refiero a los trabajadores de cultura que tienen que abrir las cabinas a veces se enfadan, ojos son algunos no todos, pero del resto todo perfecto sigan asi,me gusta mucho esa biblioteca.    ;De 41 a 64 años;Hombre;
40897676;2023-11-09 05:28:10;2023-11-09 05:30:18;339096;;Completa;Desktop;;;;;Servicio de cabinas de ensayo;;;;;No;;No;;No;;No;;;;10;10;9;10;10;10;10;No;;10;9;;De 18 a 25 años;Hombre;
40897874;2023-11-09 07:09:59;2023-11-09 07:13:21;339096;;Completa;Desktop;;;;Servicio de préstamo (libros, partituras, audiovisuales);;;Servicio de información general y especializada;;;Sí;10;No;;No;;Sí;10;9;9;10;10;;8;7;10;10;No;;;10;;Más de 65 años;Hombre;
40897875;2023-11-09 07:10:23;2023-11-09 07:13:44;339096;;Completa;Tablet;;;;;Servicio de cabinas de ensayo;;;;;No;;No;;No;;Sí;7;10;9;10;8;8;7;6;7;7;Sí;6;9;10;Hacerlo más accesible. Si alguna cabina está vacía sé la debería poder reservarpoco antes;De 18 a 25 años;Hombre;
40897956;2023-11-09 07:47:39;2023-11-09 07:53:52;339096;;Completa;Desktop;;;;Servicio de préstamo (libros, partituras, audiovisuales);Servicio de cabinas de ensayo;;Servicio de información general y especializada;Servicio de reprografía de documentos (fotocopias, digitalización);Actividades culturales (conciertos, talleres, visitas guiadas, exposiciones, conferencias, etc.);Sí;10;No;;Sí;10;Sí;10;10;8;10;10;8;10;10;8;10;No;;10;10;Mas documentación;Más de 65 años;Hombre;
40897958;2023-11-09 07:49:28;2023-11-09 07:50:01;339096;;Parcial;Mobile;;;;;;Servicio de préstamo de instrumentos musicales a domicilio;;;;Sí;;;;No;;;;;;;;;;;;;;;;;;;;
40898009;2023-11-09 08:14:30;2023-11-09 08:18:12;339096;;Completa;Mobile;;;;;Servicio de cabinas de ensayo;;;;;;;;;;;Sí;;;;9;8;;;;;;;;;8;Apertura los Sábados ;Más de 65 años;Mujer;
40898021;2023-11-09 08:22:15;2023-11-09 08:24:11;339096;;Completa;Desktop;;;;Servicio de préstamo (libros, partituras, audiovisuales);;;;;;Sí;10;No;;Sí;10;Sí;10;10;10;10;10;10;10;10;10;10;No;;9;10;;De 41 a 64 años;Mujer;
40898022;2023-11-09 08:22:37;2023-11-09 08:24:47;339096;;Completa;Desktop;;;;Servicio de préstamo (libros, partituras, audiovisuales);;;Servicio de información general y especializada;;Actividades culturales (conciertos, talleres, visitas guiadas, exposiciones, conferencias, etc.);Sí;10;No;;No;;Sí;9;10;8;10;;9;10;9;8;9;No;;;10;El espacio es estupendo y el servicio muy bueno;De 41 a 64 años;Mujer;
40898294;2023-11-09 08:45:53;2023-11-09 08:51:18;339096;;Completa;Desktop;;;;Servicio de préstamo (libros, partituras, audiovisuales);;;;;;No;;No;;No;;No;;;;8;8;5;7;6;5;5;Sí;7;5;7;me gustaría encontrar ediciones de cd's de música más actualizadas, opino que la colección para préstamo está bien, pero debería actualizarse con ediciones más recientes, especialmente en jazz, cantautores, rock y música del mundo;De 41 a 64 años;Hombre;
40898296;2023-11-09 08:46:52;2023-11-09 08:47:57;339096;;Completa;Desktop;;;;;Servicio de cabinas de ensayo;;;;Actividades culturales (conciertos, talleres, visitas guiadas, exposiciones, conferencias, etc.);No;;No;;Sí;9;Sí;8;9;9;10;9;10;10;10;10;10;No;;;9;;De 26 a 40 años;Hombre;
40899099;2023-11-09 08:57:35;2023-11-09 08:58:49;339096;;Completa;Desktop;;;;;Servicio de cabinas de ensayo;;;;;No;;No;;No;;Sí;7;5;5;7;9;8;8;8;8;8;No;;7;8;;De 18 a 25 años;Hombre;
40899231;2023-11-09 09:36:46;2023-11-09 09:37:45;339096;;Parcial;Desktop;;;;Servicio de préstamo (libros, partituras, audiovisuales);;;;;;No;;;;;;;;;;;;;;;;;;;;;;;;
40899270;2023-11-09 09:45:06;2023-11-09 09:46:55;339096;;Completa;Desktop;;;;Servicio de préstamo (libros, partituras, audiovisuales);;;;;;Sí;9;No;;No;;Sí;7;7;7;10;10;;;9;9;10;No;;;10;;De 26 a 40 años;Mujer;
40899339;2023-11-09 09:56:46;2023-11-09 10:02:54;339096;;Completa;Desktop;;;;Servicio de préstamo (libros, partituras, audiovisuales);;;;;;Sí;10;No;;Sí;10;Sí;10;10;10;10;10;10;10;10;10;10;Sí;10;10;10;Seguir añadiendo mas libros;De 18 a 25 años;Hombre;
40899411;2023-11-09 10:11:02;2023-11-09 10:12:53;339096;;Completa;Desktop;;;;Servicio de préstamo (libros, partituras, audiovisuales);;;;;;Sí;10;No;;No;;Sí;9;9;9;10;10;8;10;10;10;10;No;;8;9;;De 26 a 40 años;Hombre;
40899459;2023-11-09 10:24:24;2023-11-09 10:26:05;339096;;Completa;Mobile;;;;;Servicio de cabinas de ensayo;;;;;No;;No;;No;;Sí;7;8;8;9;7;5;7;7;5;8;No;;9;9;Habilitar más franjas horarias en las cabinas de ensayo ;De 18 a 25 años;Mujer;
40899466;2023-11-09 10:27:35;2023-11-09 10:28:48;339096;;Parcial;Desktop;;;;;Servicio de cabinas de ensayo;;;;;No;;No;;No;;No;;;;7;7;5;6;;;;;;;;;;;
40899507;2023-11-09 10:37:48;2023-11-09 10:40:46;339096;;Completa;Mobile;;;;;;Servicio de préstamo de instrumentos musicales a domicilio;;;;No;;No;;No;;No;;;;10;10;10;10;10;10;10;No;;10;10;Felicidades ;Menos de 18 años;Mujer;
40899552;2023-11-09 10:47:30;2023-11-09 10:50:55;339096;;Completa;Mobile;;;;Servicio de préstamo (libros, partituras, audiovisuales);;;;;;No;;No;;Sí;9;Sí;8;;10;10;10;10;;8;10;;Sí;8;10;9;Los servicios wc son escasos;De 41 a 64 años;Hombre;
40903088;2023-11-09 11:13:47;2023-11-09 11:15:47;339096;;Completa;Mobile;;;;Servicio de préstamo (libros, partituras, audiovisuales);Servicio de cabinas de ensayo;;Servicio de información general y especializada;Servicio de reprografía de documentos (fotocopias, digitalización);Actividades culturales (conciertos, talleres, visitas guiadas, exposiciones, conferencias, etc.);Sí;10;Sí;10;No;;Sí;10;10;10;10;10;10;10;10;10;10;Sí;10;10;10;;De 41 a 64 años;;
40903177;2023-11-09 11:15:43;2023-11-09 11:17:43;339096;;Completa;Mobile;;;;;Servicio de cabinas de ensayo;;;;;No;;No;;No;;No;;;;10;10;;;;;;;;;10;;Más de 65 años;;
40903960;2023-11-09 11:31:28;2023-11-09 11:33:46;339096;;Completa;Mobile;;;;;Servicio de cabinas de ensayo;;;;;No;;No;;No;;No;;;;7;10;6;10;10;10;10;No;;6;8;Afinar los pianos con mayor frecuencia;De 18 a 25 años;Mujer;
40904004;2023-11-09 11:40:25;2023-11-09 11:43:09;339096;;Completa;Mobile;;;;;Servicio de cabinas de ensayo;;;;;No;;No;;No;;Sí;8;8;7;10;10;;;;;9;No;;;9;;De 41 a 64 años;Mujer;
40904158;2023-11-09 12:07:52;2023-11-09 12:11:03;339096;;Completa;Desktop;;;;Servicio de préstamo (libros, partituras, audiovisuales);;;Servicio de información general y especializada;;;Sí;10;No;;No;;No;;;;9;9;10;10;5;10;10;Sí;9;9;10;más espacio en la sala de lectura/estudio. Me gusta mucho que este abierta domingos y festivos, un lujo;De 41 a 64 años;Mujer;
40904262;2023-11-09 12:23:09;2023-11-09 12:24:25;339096;;Parcial;Mobile;;;;;Servicio de cabinas de ensayo;;;;;No;;No;;No;;No;;;;10;;;;;;;;;;;;;;
40904461;2023-11-09 12:34:19;2023-11-09 12:36:42;339096;;Completa;Mobile;;;;;Servicio de cabinas de ensayo;;;;;No;;No;;No;;Sí;6;6;6;6;6;3;;;5;6;Sí;3;0;4;Cambiar pianos y afinarlos y regularlos mucho más a menudo  ;De 18 a 25 años;Hombre;
40904636;2023-11-09 12:53:15;2023-11-09 12:54:23;339096;;Parcial;Mobile;;;;Servicio de préstamo (libros, partituras, audiovisuales);Servicio de cabinas de ensayo;;;;Actividades culturales (conciertos, talleres, visitas guiadas, exposiciones, conferencias, etc.);Sí;10;No;;No;;;;;;;;;;;;;;;;;;;;
40904648;2023-11-09 12:54:29;2023-11-09 12:58:19;339096;;Completa;Mobile;;;;Servicio de préstamo (libros, partituras, audiovisuales);Servicio de cabinas de ensayo;;;;Actividades culturales (conciertos, talleres, visitas guiadas, exposiciones, conferencias, etc.);Sí;10;No;;No;;Sí;;4;4;9;;;6;8;;7;No;;10;9;Que en las cabinas pueda haber dos instrumentos. Ejemplo: piano y contrabajo si es necesario. Que en las cabinas de “rock” donde también se ensaya jazz, pieda haber un piano eléctrico bueno y un contrabajo. Gracias infinitas por este servicio. Es importante que haya sitios así.;De 26 a 40 años;Mujer;
40904848;2023-11-09 13:11:55;2023-11-09 13:15:03;339096;;Completa;Desktop;;;;Servicio de préstamo (libros, partituras, audiovisuales);;;Servicio de información general y especializada;;;Sí;9;No;;Sí;10;Sí;8;8;10;9;10;5;9;10;8;7;No;;;9;Digitalización de acceso libre por internet. O al menos de las portadas. En varias ocasiones he buscado algún manuscrito y no he podido llegar a ninguna conclusión porque la foto de la portada estaba en un formato de muy mala calidad.;De 18 a 25 años;Hombre;
40905099;2023-11-09 13:33:17;2023-11-09 13:34:44;339096;;Completa;Mobile;;;;;Servicio de cabinas de ensayo;;;;;No;;No;;No;;Sí;10;10;10;10;10;10;10;10;10;10;No;;10;10;;De 18 a 25 años;Mujer;
40905305;2023-11-09 13:56:37;2023-11-09 13:56:58;339096;;Parcial;Mobile;;;;Servicio de préstamo (libros, partituras, audiovisuales);;;;;;Sí;9;No;;;;;;;;;;;;;;;;;;;;;;
40905496;2023-11-09 14:14:11;2023-11-09 14:17:05;339096;;Completa;Desktop;;;;;Servicio de cabinas de ensayo;;;;;No;;No;;No;;No;;;;10;10;6;3;5;5;9;Sí;;;;;De 41 a 64 años;Hombre;
40905536;2023-11-09 14:18:37;2023-11-09 14:20:18;339096;;Completa;Desktop;;;;;Servicio de cabinas de ensayo;;;;;Sí;10;No;;No;;No;;;;9;10;10;10;10;10;10;No;;10;10;;De 26 a 40 años;Mujer;
40906441;2023-11-09 15:28:20;2023-11-09 15:36:04;339096;;Completa;Desktop;;;;Servicio de préstamo (libros, partituras, audiovisuales);Servicio de cabinas de ensayo;;;;;Sí;9;No;;No;;No;;;;10;10;9;;;10;10;Sí;9;7;9;Solamente vigilar el estado de algunas de las teclas de algún piano que se encontraban en mal estado.  ;De 41 a 64 años;Hombre;
40907195;2023-11-09 16:25:43;2023-11-09 16:29:53;339096;;Completa;Desktop;;;;;Servicio de cabinas de ensayo;;;;;No;;No;;No;;No;;;;10;9;8;;;;;Sí;9;8;10;En mi caso solo acudo a la cabina de ensayo de piano. He estado en varias cabinas, el servicio me parece estupendo. Aportaría como sugerencia la afinación y mejora de las teclas de algunos pianos. Aún así repetiré. ;De 26 a 40 años;Mujer;
40907567;2023-11-09 16:55:37;2023-11-09 16:57:33;339096;;Parcial;Desktop;;;;;Servicio de cabinas de ensayo;;;;;No;;No;;No;;No;;;;8;8;8;7;7;;;;;;;;;;
40907865;2023-11-09 17:18:18;2023-11-09 17:32:58;339096;;Completa;Desktop;;;;;Servicio de cabinas de ensayo;;;;;No;;No;;No;;Sí;10;10;10;10;8;10;10;10;10;10;Sí;10;10;10;Soy fan de la biblioteca y las cabinas de ensayo. No se me ocurre nada para mejorar.;De 18 a 25 años;Mujer;
40908043;2023-11-09 17:31:06;2023-11-09 17:34:41;339096;;Completa;Mobile;;;;;;;Servicio de información general y especializada;;;No;;No;;No;;No;;;;;10;10;10;10;10;10;Sí;10;10;10;Que para utilizar una sala de ensayo, si está libre, lo pueda hacer en el momento porque yo no puedo programar si la necesito un día antes. Gracias;De 41 a 64 años;Mujer;
40908118;2023-11-09 17:37:00;2023-11-09 17:40:37;339096;;Completa;Desktop;;;;Servicio de préstamo (libros, partituras, audiovisuales);;;;;;Sí;9;No;;No;;No;;;;9;9;;;8;;;;;;9;;De 41 a 64 años;Hombre;
40908251;2023-11-09 17:49:41;2023-11-09 17:52:37;339096;;Completa;Desktop;;;;;Servicio de cabinas de ensayo;;;;;No;;No;;No;;Sí;10;10;10;10;10;10;10;10;10;10;Sí;10;10;10;Todo perfecto, uso los servicios de la biblioteca habitualmente. Personal muy amable y trato inmejorable. Muchas gracias.;De 26 a 40 años;Mujer;
40909323;2023-11-09 19:23:50;2023-11-09 19:25:36;339096;;Completa;Desktop;;;;;;Servicio de préstamo de instrumentos musicales a domicilio;;;;No;;No;;;;;;;;9;10;;;;;;;;;9;;De 41 a 64 años;Hombre;
40909614;2023-11-09 19:43:02;2023-11-09 19:47:18;339096;;Completa;Mobile;;;;;Servicio de cabinas de ensayo;;;;;No;;No;;No;;No;;;;10;10;10;10;10;9;10;No;;10;10;Poder tener acceso a las salas de ensayo todos los días sería estupendo;De 41 a 64 años;Hombre;
40910498;2023-11-09 21:08:46;2023-11-09 21:11:08;339096;;Completa;Mobile;;;;;Servicio de cabinas de ensayo;;;;Actividades culturales (conciertos, talleres, visitas guiadas, exposiciones, conferencias, etc.);No;;No;;Sí;7;Sí;5;6;6;7;8;5;6;6;5;6;No;;4;7;;Más de 65 años;Hombre;
40910615;2023-11-09 21:22:57;2023-11-09 21:23:49;339096;;Parcial;Mobile;;;;;Servicio de cabinas de ensayo;;;;;No;;No;;No;;No;;;;9;10;10;10;;;;;;;;;;;
40910778;2023-11-09 21:43:10;2023-11-09 21:45:27;339096;;Completa;Mobile;;;;;Servicio de cabinas de ensayo;;;;;No;;No;;No;;Sí;10;10;10;10;8;8;9;9;9;8;No;;;9;;De 26 a 40 años;Hombre;
40911842;2023-11-09 23:40:56;2023-11-09 23:43:42;339096;;Completa;Mobile;;;;;Servicio de cabinas de ensayo;;;;;No;;No;;No;;Sí;7;7;7;9;9;9;9;9;9;9;No;;9;9;Reserva de cabinas no siempre disponible, se tiene que esperar mucho. Se podrían añadir horarios el sabado?;De 26 a 40 años;Hombre;
40911843;2023-11-09 23:40:57;2023-11-09 23:44:08;339096;;Completa;Mobile;;;;Servicio de préstamo (libros, partituras, audiovisuales);Servicio de cabinas de ensayo;;;;;Sí;10;No;;No;;Sí;7;7;8;10;10;8;9;8;9;9;No;;7;9;;De 41 a 64 años;Mujer;
40913884;2023-11-10 08:28:58;2023-11-10 08:30:46;339096;;Completa;Mobile;;;;Servicio de préstamo (libros, partituras, audiovisuales);;;;;Actividades culturales (conciertos, talleres, visitas guiadas, exposiciones, conferencias, etc.);No;;No;;Sí;10;No;;;;10;10;;;;;;;;;10;;De 41 a 64 años;;
40913897;2023-11-10 08:36:28;2023-11-10 08:37:11;339096;;Parcial;Mobile;;;;;Servicio de cabinas de ensayo;;;;;No;;No;;No;;No;;;;;;;;;;;;;;;;;;
40913914;2023-11-10 08:45:23;2023-11-10 08:47:02;339096;;Completa;Mobile;;;;;Servicio de cabinas de ensayo;;;;;No;;No;;No;;No;;;;7;6;5;8;5;5;5;No;;6;7;;De 26 a 40 años;;
40914249;2023-11-10 09:13:46;2023-11-10 09:16:37;339096;;Parcial;Desktop;;;;;Servicio de cabinas de ensayo;;;;;No;;No;;No;;No;;;;10;10;10;10;10;10;10;No;;10;10;Continuar haciendo tan buen trabajo. Gracias;De 41 a 64 años;Mujer;
40914753;2023-11-10 09:50:54;2023-11-10 09:55:18;339096;;Completa;Mobile;;;;Servicio de préstamo (libros, partituras, audiovisuales);Servicio de cabinas de ensayo;;;;;No;;No;;No;;No;;;;9;10;;9;;;9;No;;9;9;;De 41 a 64 años;;
40914857;2023-11-10 10:01:29;2023-11-10 10:03:20;339096;;Completa;Mobile;;;;Servicio de préstamo (libros, partituras, audiovisuales);;;;;Actividades culturales (conciertos, talleres, visitas guiadas, exposiciones, conferencias, etc.);Sí;9;No;;Sí;9;No;;;;10;9;;;;;;;;;10;;De 41 a 64 años;;
40914962;2023-11-10 10:20:36;2023-11-10 10:24:26;339096;;Completa;Mobile;;;;;Servicio de cabinas de ensayo;;;;Actividades culturales (conciertos, talleres, visitas guiadas, exposiciones, conferencias, etc.);No;;No;;Sí;10;No;;;;9;8;0;0;0;0;9;No;;8;9;Los amplificadores de la cabina de ensayo son muy basicos. Tambien sugiero que se explique como funcionan los amplificadores asi como la lesa de sonido..;De 41 a 64 años;Mujer;
40914977;2023-11-10 10:22:55;2023-11-10 10:24:30;339096;;Completa;Mobile;;;;;Servicio de cabinas de ensayo;;;;;Sí;9;No;;No;;No;;;;10;9;;;;;;;;;9;;De 41 a 64 años;Mujer;
40915061;2023-11-10 10:38:10;2023-11-10 11:09:39;339096;;Completa;Tablet;;;;;Servicio de cabinas de ensayo;;;;;No;;No;;No;;No;;;;10;10;10;10;10;10;10;Sí;10;10;;;Más de 65 años;Mujer;
40915062;2023-11-10 10:50:07;2023-11-10 10:40:48;339096;;Completa;Desktop;;;;Servicio de préstamo (libros, partituras, audiovisuales);;;;;;No;;No;;No;;No;;;;9;10;10;10;5;10;10;No;;10;8;Faltan fondos de partituras para préstamo, deberían ampliar el catálogo;De 41 a 64 años;Hombre;
40915065;2023-11-10 10:39:13;2023-11-10 10:43:16;339096;;Completa;Desktop;;;;Servicio de préstamo (libros, partituras, audiovisuales);;Servicio de préstamo de instrumentos musicales a domicilio;Servicio de información general y especializada;;;No;;No;;No;;No;;;;10;9;10;8;9;9;7;No;;10;10;Hacer alguna introducción (o entregar documentación o QR) a lo que tiene toda la biblioteca a los nuevos miembros o visitantes.;De 41 a 64 años;Hombre;
40915142;2023-11-10 10:57:03;2023-11-10 11:06:41;339096;;Completa;Desktop;;;;;Servicio de cabinas de ensayo;;;;;No;;;;;;;;;;10;10;;;;;;No;;10;9;La sala de ensayo para coro la pondría de cierre a las 20:30 o 21:00h. ;De 41 a 64 años;Mujer;
40915230;2023-11-10 11:12:29;2023-11-15 14:00:11;339096;;Completa;Tablet;;;;;Servicio de cabinas de ensayo;;;;;No;;No;;No;;No;;;;10;10;10;5;5;5;10;No;;10;10;;De 26 a 40 años;;
40915469;2023-11-10 11:37:35;2023-11-10 11:39:46;339096;;Completa;Desktop;;;;;Servicio de cabinas de ensayo;;;;;No;;No;;;;Sí;6;6;4;6;7;5;9;8;7;7;No;;5;6;;De 26 a 40 años;Mujer;
40915499;2023-11-10 11:42:02;2023-11-10 11:45:01;339096;;Parcial;Desktop;;;;;Servicio de cabinas de ensayo;;Servicio de información general y especializada;;;Sí;;;;;;;;;;;;;;;;;;;;;;;;
40915512;2023-11-10 11:43:46;2023-11-10 11:46:04;339096;;Completa;Mobile;;;;;Servicio de cabinas de ensayo;;;;;No;;;;;;;;;;10;10;;;;;;;;;10;;De 41 a 64 años;Hombre;
40915521;2023-11-10 11:45:57;2023-11-10 11:48:12;339096;;Completa;Desktop;;;;Servicio de préstamo (libros, partituras, audiovisuales);Servicio de cabinas de ensayo;;;;;No;;No;;No;;No;;;;10;10;;8;;10;10;No;;6;9;;Más de 65 años;Hombre;
40915976;2023-11-10 12:50:04;2023-11-10 12:53:39;339096;;Completa;Desktop;;;;Servicio de préstamo (libros, partituras, audiovisuales);;;;;Actividades culturales (conciertos, talleres, visitas guiadas, exposiciones, conferencias, etc.);Sí;;;;;;;;;;7;;;;;;;;;;9;;De 41 a 64 años;Hombre;
40916030;2023-11-10 13:02:32;2023-11-10 13:04:35;339096;;Completa;Desktop;;;;;Servicio de cabinas de ensayo;;;;;No;;No;;;;Sí;10;10;10;10;10;10;10;10;10;10;No;;10;10;No sabía que se prestan instrumentos a domicilio. Pero, en general, lo que se tendría que realizar es más publicidad. He ido varias veces al centro cultural conde duque y de esta biblioteca me enteré por mi cuenta buscando en internet sitios donde ensayar en el centro;De 41 a 64 años;Hombre;
40916351;2023-11-10 13:46:04;2023-11-10 13:47:55;339096;;Completa;Desktop;;;;Servicio de préstamo (libros, partituras, audiovisuales);;;Servicio de información general y especializada;;Actividades culturales (conciertos, talleres, visitas guiadas, exposiciones, conferencias, etc.);Sí;8;No;;Sí;9;Sí;8;7;7;9;10;;9;8;8;7;Sí;7;;9;.;De 41 a 64 años;Hombre;
40917064;2023-11-10 14:39:17;2023-11-10 14:42:09;339096;;Completa;Desktop;;;;;;Servicio de préstamo de instrumentos musicales a domicilio;;;;No;;No;;No;;No;;;;10;10;10;10;10;10;10;No;;10;10;;De 41 a 64 años;Hombre;
40917696;2023-11-10 15:37:26;2023-11-10 15:39:29;339096;;Completa;Mobile;;;;;Servicio de cabinas de ensayo;;;;Actividades culturales (conciertos, talleres, visitas guiadas, exposiciones, conferencias, etc.);No;;No;;Sí;8;No;;;;9;10;;;;;;No;;10;9;;Más de 65 años;Mujer;
40918329;2023-11-10 16:16:00;2023-11-10 16:16:38;339096;;Parcial;Mobile;;;;Servicio de préstamo (libros, partituras, audiovisuales);Servicio de cabinas de ensayo;;;;;;;;;;;;;;;;;;;;;;;;;;;;;
40919650;2023-11-10 17:59:38;2023-11-10 18:02:48;339096;;Completa;Mobile;;;;;Servicio de cabinas de ensayo;;;;;No;;No;;No;;Sí;7;7;7;9;10;7;7;7;8;8;No;;8;9;Ampliar horarios de cabinas de ensayo;De 41 a 64 años;Hombre;
40920201;2023-11-10 18:20:15;2023-11-10 18:24:10;339096;;Completa;Mobile;;;;;Servicio de cabinas de ensayo;;;;;No;;No;;No;;No;;;;9;;0;9;10;10;9;Sí;6;4;6;Que el uso de las salas de ensayo sean como antes, donde no tenías que realizar citas previas cada vez que quiera usar cuando suficiente con una inscripción del uso de salas de ensayo se podía ir libremente ;De 26 a 40 años;Mujer;
40920404;2023-11-10 18:27:36;2023-11-10 18:29:44;339096;;Completa;Mobile;;;;Servicio de préstamo (libros, partituras, audiovisuales);;;;;;No;;;;;;;;;;10;;;;;;;;;;10;;De 41 a 64 años;;
40920443;2023-11-10 18:31:46;2023-11-10 18:35:23;339096;;Completa;Desktop;;;;Servicio de préstamo (libros, partituras, audiovisuales);;;Servicio de información general y especializada;;;Sí;10;No;;No;;Sí;5;5;5;10;10;5;5;10;10;;Sí;9;5;9;Poder realizar una búsqueda a tráves de la signatura en el catálogo online.;De 18 a 25 años;Mujer;
40922371;2023-11-10 21:21:23;2023-11-10 21:28:25;339096;;Completa;Desktop;;;;Servicio de préstamo (libros, partituras, audiovisuales);Servicio de cabinas de ensayo;;;;Actividades culturales (conciertos, talleres, visitas guiadas, exposiciones, conferencias, etc.);Sí;10;No;;Sí;;;;;;8;10;;9;;10;;No;;;9;Hay mucho espacio no utilizado;Más de 65 años;Mujer;
40923634;2023-11-11 00:15:59;2023-11-11 00:16:41;339096;;Parcial;Mobile;;;;;Servicio de cabinas de ensayo;;;;;No;;No;;No;;Sí;10;10;10;;;;;;;;;;;;;;;
40924965;2023-11-11 05:35:04;2023-11-11 05:50:39;339096;;Completa;Tablet;;;;;;Servicio de préstamo de instrumentos musicales a domicilio;;;;No;;No;;No;;No;;;;10;7;7;5;5;5;5;No;;5;7;"Es complicado conseguir telefónicamente la cita para la renovación de instrumentos; además, se tarda casi dos meses en dar el OK a una pequeña reparación necesaria e mi instrumento, aunque venía dañado de antes y no era por mi uso, Me gustaría que ese trámite pudiera aligerarse más, ya que, después, está el periodo de reparación en sí por el luthier, que amplia otras semanas el tiempo sin el instrumento. Muchas gracias.";De 26 a 40 años;Hombre;
40925986;2023-11-11 13:19:12;2023-11-11 13:21:12;339096;;Completa;Mobile;;;;;Servicio de cabinas de ensayo;;;;;No;;;;;;;;;;9;9;8;9;8;;;;;;9;;De 41 a 64 años;Mujer;
40927935;2023-11-11 19:29:23;2023-11-11 19:31:39;339096;;Completa;Desktop;;;;Servicio de préstamo (libros, partituras, audiovisuales);;;;;;Sí;10;Sí;10;No;;Sí;10;10;10;10;10;10;10;9;10;10;No;;10;10;;De 41 a 64 años;Hombre;
40929369;2023-11-12 00:28:55;2023-11-12 00:32:01;339096;;Completa;Mobile;;;;;;Servicio de préstamo de instrumentos musicales a domicilio;;;;No;;No;;No;;No;;;;7;10;10;6;9;9;10;No;;8;10;;De 41 a 64 años;Mujer;
40929506;2023-11-12 01:11:41;2023-11-12 01:13:30;339096;;Completa;Tablet;;;;Servicio de préstamo (libros, partituras, audiovisuales);Servicio de cabinas de ensayo;;;;;No;;No;;No;;No;;;;8;9;7;9;9;6;9;No;;8;9;;De 41 a 64 años;Mujer;
40930873;2023-11-12 10:24:42;2023-11-12 10:26:27;339096;;Completa;Desktop;;;;;Servicio de cabinas de ensayo;;;;;No;;No;;;;;;;;8;7;;;;;;;;;8;Que hubiera turnos o más personal para que los horarios de las salas de ensayo pudieran terminar más tarde;De 41 a 64 años;Mujer;
40930876;2023-11-12 10:27:07;2023-11-12 10:28:54;339096;;Completa;Mobile;;;;;Servicio de cabinas de ensayo;;;;;No;;No;;No;;Sí;7;6;8;10;10;10;9;10;9;9;No;;8;9;;De 18 a 25 años;Mujer;
40932256;2023-11-12 16:56:05;2023-11-12 16:58:04;339096;;Completa;Desktop;;;;Servicio de préstamo (libros, partituras, audiovisuales);;;;;Actividades culturales (conciertos, talleres, visitas guiadas, exposiciones, conferencias, etc.);Sí;8;No;;Sí;8;No;;;;8;10;;7;7;;7;No;;;8;;De 41 a 64 años;Hombre;
40932618;2023-11-12 18:34:18;2023-11-12 18:36:45;339096;;Completa;Desktop;;;;Servicio de préstamo (libros, partituras, audiovisuales);Servicio de cabinas de ensayo;;;;;Sí;7;No;;No;;Sí;5;7;6;6;9;;;;;;;;;8;;Más de 65 años;Hombre;
40933993;2023-11-13 00:47:28;2023-11-13 00:49:54;339096;;Completa;Mobile;;;;;Servicio de cabinas de ensayo;;;;;No;;No;;No;;No;;;;9;8;8;8;7;7;8;Sí;8;9;8;No sé si es posible despegar los pianos del muro con el cubículo colindante porque el sonido se traspasa y es muy difícil ensayar propiamente. Además, es una pena, puesto que en sí las cabinas están bien aisladas.;De 18 a 25 años;Hombre;
40934292;2023-11-13 02:15:37;2023-11-13 02:17:49;339096;;Completa;Desktop;;;;;Servicio de cabinas de ensayo;;;;Actividades culturales (conciertos, talleres, visitas guiadas, exposiciones, conferencias, etc.);No;;No;;Sí;7;No;;;;7;8;;;;;;;;;8;;De 41 a 64 años;Hombre;
40935039;2023-11-13 08:37:22;2023-11-13 08:39:27;339096;;Completa;Desktop;;;;Servicio de préstamo (libros, partituras, audiovisuales);;;;;;Sí;9;No;;No;;Sí;8;8;8;7;10;;8;8;;9;No;;;9;;De 41 a 64 años;Mujer;
40936068;2023-11-13 11:55:34;2023-11-13 11:58:22;339096;;Completa;Mobile;;;;;Servicio de cabinas de ensayo;;;;;No;;No;;Sí;7;Sí;7;;;8;10;7;7;7;7;9;No;;;7;;De 41 a 64 años;Mujer;
40938969;2023-11-13 12:55:19;2023-11-13 13:01:45;339096;;Completa;Desktop;;;;Servicio de préstamo (libros, partituras, audiovisuales);;;;;;Sí;9;No;;No;;Sí;7;8;7;10;10;2;7;5;;;No;;;9;Los fondos de manuales y partituras de instrumentos y lenguaje musical deberían ampliarse y actualizarse.iarse ;De 41 a 64 años;Mujer;
40939365;2023-11-13 13:50:35;2023-11-13 13:55:13;339096;;Completa;Desktop;;;;Servicio de préstamo (libros, partituras, audiovisuales);Servicio de cabinas de ensayo;;;;;Sí;9;No;;No;;Sí;5;4;4;10;10;10;10;7;10;10;Sí;6;10;9;La colección de partituras es muy buena. Sin embargo, la sección de métodos de aprendizaje de instrumentos está un tanto desactualizada, teniendo en cuenta todas las innovaciones realizadas en ese campo en los últimos 10 a 20 años. Sugeriría innovar/invertir en este aspecto.;De 26 a 40 años;Hombre;
40941254;2023-11-13 17:53:40;2023-11-13 17:55:28;339096;;Completa;Desktop;;;;;;Servicio de préstamo de instrumentos musicales a domicilio;;;;No;;No;;No;;Sí;8;8;8;8;10;;10;9;9;9;No;;8;9;;De 41 a 64 años;Hombre;
40956458;2023-11-14 07:19:00;2023-11-14 07:20:45;339096;;Completa;Desktop;;;;;;Servicio de préstamo de instrumentos musicales a domicilio;;;;No;;No;;No;;Sí;9;9;9;9;9;9;9;9;9;9;No;;9;9;;De 41 a 64 años;Hombre;
40961461;2023-11-14 13:42:27;2023-11-14 13:43:56;339096;;Completa;Desktop;;;;;;Servicio de préstamo de instrumentos musicales a domicilio;;;;No;;;;No;;No;;;;10;;10;10;;;;;;;10;QUE NO DEJEN EL SERVICIO DE PRESTAMO POR SU VALOR Y UTILIDAD, ENHORABUENA;De 41 a 64 años;Mujer;
40963979;2023-11-14 14:09:00;2023-11-14 14:10:41;339096;;Completa;Mobile;;;;;Servicio de cabinas de ensayo;;;;;No;;No;;No;;No;;;;10;10;10;10;10;10;10;No;;8;10;;De 41 a 64 años;Hombre;
40965233;2023-11-14 14:25:28;2023-11-14 14:27:15;339096;;Completa;Mobile;;;;;;Servicio de préstamo de instrumentos musicales a domicilio;;;;No;;No;;;;No;;;;10;10;10;10;;;10;No;;;10;;De 41 a 64 años;Mujer;
40967170;2023-11-14 16:22:06;2023-11-14 16:26:25;339096;;Completa;Desktop;;;;;Servicio de cabinas de ensayo;;;;;No;;No;;No;;No;;;;9;10;;;;;10;No;;9;9;Salas de ensayo que pudieran albergar grupos de mayor tamaño, por ejemplo, coros.;De 26 a 40 años;Hombre;
40986238;2023-11-15 10:49:49;2023-11-15 10:52:06;339096;;Completa;Mobile;;;;;Servicio de cabinas de ensayo;;;;;No;;No;;No;;Sí;8;8;8;10;;;;;;;;;;10;;De 41 a 64 años;Hombre;
40993511;2023-11-15 14:06:34;2023-11-20 12:54:36;339096;;Completa;Tablet;;;;Servicio de préstamo (libros, partituras, audiovisuales);Servicio de cabinas de ensayo;;;;Actividades culturales (conciertos, talleres, visitas guiadas, exposiciones, conferencias, etc.);Sí;9;No;;Sí;8;Sí;9;9;8;9;10;10;9;9;10;9;Sí;9;8;9;Suelo de las cabinas y más i sonorizacion;De 26 a 40 años;Mujer;
41002509;2023-11-15 16:13:30;2023-11-15 16:16:09;339096;;Completa;Desktop;;;;;Servicio de cabinas de ensayo;;;;;No;;No;;No;;No;;;;9;9;;;;;;No;;8;9;Hay mucha demanda de la sala con batería. Sería bueno habilitar otra.;De 26 a 40 años;Hombre;
41004787;2023-11-15 18:30:22;2023-11-15 22:59:06;339096;;Completa;Mobile;;;;;;;;;Actividades culturales (conciertos, talleres, visitas guiadas, exposiciones, conferencias, etc.);No;;No;;No;;No;;;;9;9;8;8;8;8;8;No;;8;9;Ampliar el uso de las cabinas a findes de semana.;De 26 a 40 años;Hombre;
41005348;2023-11-15 19:21:08;2023-11-15 19:28:53;339096;;Completa;Mobile;;;;;Servicio de cabinas de ensayo;;;;Actividades culturales (conciertos, talleres, visitas guiadas, exposiciones, conferencias, etc.);No;;No;;No;;No;;;;8;7;;10;;;10;;;;10;Continuar con las presentaciones y servicios al usuario ;De 41 a 64 años;;
41049573;2023-11-16 15:35:37;2023-11-16 15:40:29;339096;;Completa;Mobile;;;;Servicio de préstamo (libros, partituras, audiovisuales);;;;;;No;;No;;No;;Sí;8;9;8;8;9;7;8;7;7;7;Sí;8;6;8;Que te puedan prestar instrumentos sin tantas condiciones ;De 18 a 25 años;Hombre;
41084634;2023-11-18 13:12:30;2023-11-18 13:16:03;339096;;Completa;Desktop;;;;Servicio de préstamo (libros, partituras, audiovisuales);Servicio de cabinas de ensayo;;;;Actividades culturales (conciertos, talleres, visitas guiadas, exposiciones, conferencias, etc.);No;;No;;Sí;9;Sí;7;9;9;9;7;5;7;9;7;8;No;;7;9;Que las cabinas y la biblioteca estén abiertas los fines de semana ;De 26 a 40 años;Hombre;
41094184;2023-11-19 17:58:34;2023-11-19 18:04:50;339096;;Completa;Desktop;;;;Servicio de préstamo (libros, partituras, audiovisuales);;;;;Actividades culturales (conciertos, talleres, visitas guiadas, exposiciones, conferencias, etc.);Sí;10;No;;Sí;8;No;;;;9;9;;10;10;10;10;No;;;10;No sabría decir. Para mis necesidades es correcta;De 41 a 64 años;Mujer;
41099934;2023-11-20 12:54:52;2023-11-21 09:58:23;339096;;Completa;Tablet;;;;;Servicio de cabinas de ensayo;;;;;No;;No;;No;;Sí;8;8;8;9;9;6;6;6;6;7;No;;9;9;Conforme con todo en general;De 41 a 64 años;Hombre;
41113178;2023-11-21 09:36:15;2023-11-21 09:39:04;339096;;Completa;Mobile;;;;;Servicio de cabinas de ensayo;;;;;No;;No;;No;;Sí;8;8;7;9;7;7;8;7;7;7;No;;9;10;;De 18 a 25 años;Hombre;
41113287;2023-11-21 09:59:22;2023-11-21 16:11:40;339096;;Completa;Tablet;;;;;Servicio de cabinas de ensayo;;;;;No;;No;;No;;No;;;;9;8;10;7;6;5;9;No;;10;9;Ofertar más tramos horarios en las cabinas de ensayo ;De 18 a 25 años;Mujer;
41125047;2023-11-21 16:12:26;2023-11-21 16:36:25;339096;;Completa;Tablet;;;;Servicio de préstamo (libros, partituras, audiovisuales);Servicio de cabinas de ensayo;;;;Actividades culturales (conciertos, talleres, visitas guiadas, exposiciones, conferencias, etc.);No;;No;;Sí;10;Sí;10;8;8;8;10;10;9;9;10;10;Sí;9;10;9;EL ASCENSOR SE INUTILIZA  A VECES PORQUE LOS empleados de la sección de la planta baja lo sobrecargan con libros. LA CABINA DE ENSAYO 5 NO TIENE SUFUCIENTE VENTILAC ION. 5 ;Más de 65 años;Mujer;
41136366;2023-11-21 19:11:54;2023-11-21 20:01:28;339096;;Completa;Tablet;;;;;Servicio de cabinas de ensayo;;;;;No;;No;;No;;Sí;9;9;9;9;9;10;10;10;10;10;No;;10;10;;De 18 a 25 años;Mujer;
41147127;2023-11-22 09:17:15;2023-11-27 09:44:34;339096;;Completa;Tablet;;;;Servicio de préstamo (libros, partituras, audiovisuales);Servicio de cabinas de ensayo;;;;;Sí;10;No;;Sí;10;Sí;10;10;10;10;10;10;10;10;10;10;Sí;8;10;10;Ampliar horarios de cabinas de ensayo;De 26 a 40 años;Hombre;
41164929;2023-11-23 08:12:55;2023-11-23 08:14:39;339096;;Completa;Desktop;;;;Servicio de préstamo (libros, partituras, audiovisuales);Servicio de cabinas de ensayo;;Servicio de información general y especializada;;;Sí;9;No;;No;;Sí;9;9;10;10;10;10;9;9;9;9;No;;8;9;;De 41 a 64 años;Hombre;
41202359;2023-11-27 09:46:27;2023-11-27 12:21:05;339096;;Completa;Tablet;;;;Servicio de préstamo (libros, partituras, audiovisuales);Servicio de cabinas de ensayo;;;;;Sí;10;No;;No;;Sí;8;9;9;10;10;0;10;;;10;Sí;10;9;9;Mayor número de salas de ensayo y mantenimiento de atriles. ;De 26 a 40 años;Mujer;
41202421;2023-11-27 09:59:41;2023-11-27 10:01:46;339096;;Completa;Desktop;;;;Servicio de préstamo (libros, partituras, audiovisuales);;;;;;Sí;10;No;;Sí;10;Sí;8;9;9;9;10;5;9;9;10;10;No;;5;9;;De 41 a 64 años;Hombre;
41205197;2023-11-27 12:21:27;2023-11-27 14:01:50;339096;;Completa;Tablet;;;;;;Servicio de préstamo de instrumentos musicales a domicilio;;;;Sí;10;No;;No;;Sí;10;10;10;10;10;10;;10;10;10;Sí;10;10;10;Genial;De 18 a 25 años;Mujer;
41205876;2023-11-27 14:02:07;2023-11-27 14:04:23;339096;;Completa;Tablet;;;;Servicio de préstamo (libros, partituras, audiovisuales);Servicio de cabinas de ensayo;;;Servicio de reprografía de documentos (fotocopias, digitalización);;Sí;10;Sí;10;No;;Sí;10;10;10;10;10;;10;;;10;No;;10;10;;Más de 65 años;Hombre;
41217785;2023-11-28 09:12:34;2023-11-29 13:59:34;339096;;Completa;Tablet;;;;Servicio de préstamo (libros, partituras, audiovisuales);Servicio de cabinas de ensayo;;Servicio de información general y especializada;Servicio de reprografía de documentos (fotocopias, digitalización);;Sí;10;Sí;10;Sí;10;Sí;10;10;10;10;10;10;10;10;10;10;Sí;10;10;10;;De 41 a 64 años;Hombre;
41232871;2023-11-28 19:51:53;2023-11-28 19:55:00;339096;;Completa;Desktop;;;;;Servicio de cabinas de ensayo;;;;Actividades culturales (conciertos, talleres, visitas guiadas, exposiciones, conferencias, etc.);No;;No;;;;No;;;;9;9;;;;;;No;;9;9;;Más de 65 años;Hombre;
41238194;2023-11-29 14:00:02;2023-11-29 14:01:17;339096;;Completa;Tablet;;;;;Servicio de cabinas de ensayo;;;;;No;;No;;No;;Sí;10;10;10;10;;10;;;10;;Sí;;10;10;;De 26 a 40 años;Mujer;
41238200;2023-11-29 14:01:41;2023-11-29 14:02:52;339096;;Completa;Tablet;;;;;Servicio de cabinas de ensayo;;;;;No;;No;;;;;9;9;9;9;;9;;9;;9;No;;9;9;N/A;De 26 a 40 años;;
41260476;2023-12-01 17:59:12;2023-12-11 13:44:12;339096;;Completa;Tablet;;;;Servicio de préstamo (libros, partituras, audiovisuales);;Servicio de préstamo de instrumentos musicales a domicilio;;;;No;;No;;No;;No;;;;6;;9;6;6;6;8;No;;9;9;;De 18 a 25 años;Mujer;
41390196;2023-12-09 19:09:27;2023-12-09 19:12:01;339096;;Completa;Mobile;;;;Servicio de préstamo (libros, partituras, audiovisuales);;Servicio de préstamo de instrumentos musicales a domicilio;;;Actividades culturales (conciertos, talleres, visitas guiadas, exposiciones, conferencias, etc.);No;;No;;;;Sí;10;10;10;10;10;;10;;10;10;No;;5;10;Todo me parece bien. Muchas gracias;De 41 a 64 años;Mujer;
41392962;2023-12-10 17:22:24;2023-12-10 17:22:40;339096;;Parcial;Desktop;;;;;Servicio de cabinas de ensayo;;;;;No;;;;;;;;;;;;;;;;;;;;;;;;
41399619;2023-12-11 13:44:47;2023-12-11 13:46:02;339096;;Completa;Tablet;;;;;Servicio de cabinas de ensayo;;;;Actividades culturales (conciertos, talleres, visitas guiadas, exposiciones, conferencias, etc.);No;;;;No;;;;;;9;;;;;;;;;;9;Menos calor en las cabinas;De 26 a 40 años;;
41399654;2023-12-11 13:46:25;2023-12-11 13:49:10;339096;;Completa;Tablet;;;;;Servicio de cabinas de ensayo;;;;;No;;No;;No;;Sí;6;6;6;9;9;9;8;;;;;;;9;Más fácil sitio web para reservar ;De 26 a 40 años;Hombre;
41399694;2023-12-11 13:49:29;2023-12-11 13:54:57;339096;;Completa;Tablet;;;;;Servicio de cabinas de ensayo;;;;Actividades culturales (conciertos, talleres, visitas guiadas, exposiciones, conferencias, etc.);No;;No;;No;;Sí;10;;;10;;10;;;10;10;No;;10;10;Mejorar sillas de piano;De 41 a 64 años;Hombre;
41399764;2023-12-11 13:57:42;2023-12-14 17:23:00;339096;;Completa;Tablet;;;;;Servicio de cabinas de ensayo;;;;;No;;No;;No;;Sí;10;10;10;10;10;10;10;;;;Sí;;;10;;De 41 a 64 años;Hombre;
41463430;2023-12-13 12:05:04;2023-12-13 12:05:26;339096;;Parcial;Desktop;;;;;Servicio de cabinas de ensayo;;;;;;;;;;;;;;;;;;;;;;;;;;;;;
41563562;2023-12-14 17:23:31;2023-12-14 18:39:43;339096;;Completa;Tablet;;;;;Servicio de cabinas de ensayo;;;;;No;;;;No;;Sí;10;10;10;10;;10;;10;10;10;Sí;;10;10;;De 41 a 64 años;Mujer;
41564546;2023-12-14 18:40:44;2023-12-14 18:45:43;339096;;Completa;Tablet;;;;;Servicio de cabinas de ensayo;;;;;Sí;10;No;;;;Sí;;;;8;8;;;7;;10;Sí;10;10;8;El personal es muy amable y eficaz pero se les oye hablar a gritos en los despachos. Es molesto para las personas que están en la sala.;;;
41564616;2023-12-14 18:46:24;2023-12-14 18:53:02;339096;;Completa;Tablet;;;;Servicio de préstamo (libros, partituras, audiovisuales);Servicio de cabinas de ensayo;Servicio de préstamo de instrumentos musicales a domicilio;Servicio de información general y especializada;;;No;;No;;No;;Sí;10;10;10;10;10;10;10;10;;;Sí;10;10;10;;De 26 a 40 años;;
41575817;2023-12-15 09:21:37;2023-12-15 15:12:56;339096;;Completa;Tablet;;;;Servicio de préstamo (libros, partituras, audiovisuales);Servicio de cabinas de ensayo;;;;;Sí;9;No;;No;;Sí;8;;;8;10;;8;9;9;9;Sí;9;6;7;Aprovechar al máximo los recursos de cabinas. Si no hay petición de ocupación permitir usarlas con independencia de si se ha resé y usado en hora o día previo.  Y cuidar muy bien a los excelentes y muy amables profesionales que la atienden. Gracias. ;De 41 a 64 años;Mujer;
41579461;2023-12-15 15:14:29;2023-12-15 15:15:42;339096;;Completa;Tablet;;;;;Servicio de cabinas de ensayo;;;;;No;;No;;Sí;8;Sí;10;;;10;;;;;;;;;;9;;De 18 a 25 años;Hombre;
41579498;2023-12-15 15:15:59;2023-12-15 15:17:46;339096;;Completa;Tablet;;;;;Servicio de cabinas de ensayo;;;;;Sí;8;No;;Sí;8;No;;;;9;9;9;9;;;;;;;9;;De 26 a 40 años;Hombre;
41587716;2023-12-15 18:51:04;2023-12-15 18:54:36;339096;;Completa;Tablet;;;;;Servicio de cabinas de ensayo;;;;;No;;No;;Sí;9;Sí;9;;;10;10;;;;;;;;10;10;Que pudiera estar abierta el fin de semana ;;;
41587748;2023-12-15 18:54:44;2023-12-15 18:56:34;339096;;Completa;Tablet;;;;;Servicio de cabinas de ensayo;;;;;No;;No;;No;;Sí;9;9;9;10;10;;;;;;;;10;10;;De 41 a 64 años;Mujer;
41587783;2023-12-15 18:58:18;2023-12-15 19:00:15;339096;;Completa;Tablet;;;;;Servicio de cabinas de ensayo;;;;;No;;No;;No;;No;;;;10;10;10;10;;;10;;;10;10;;De 41 a 64 años;Hombre;
41587816;2023-12-15 19:00:57;2023-12-15 19:03:14;339096;;Completa;Tablet;;;;;Servicio de cabinas de ensayo;;;;;No;;No;;No;;Sí;10;9;9;8;10;;9;;10;10;Sí;10;5;9;Mejorar las cabinas de ensayo ;De 26 a 40 años;Mujer;
41587840;2023-12-15 19:03:52;2023-12-15 19:06:56;339096;;Completa;Tablet;;;;;Servicio de cabinas de ensayo;;;;;No;;No;;No;;No;;;;10;10;;;;;10;Sí;10;8;9;Habilitar más salas de pianos;De 18 a 25 años;Hombre;
41587889;2023-12-15 19:10:09;2023-12-15 19:13:07;339096;;Completa;Tablet;;;;;Servicio de cabinas de ensayo;;;;;No;;No;;No;;Sí;;;;10;10;;;;;9;Sí;10;9;9;Posibilidad de reservar cabinas de ensayo en días contiguos ;De 41 a 64 años;Mujer;
41587922;2023-12-15 19:13:27;2023-12-15 19:17:15;339096;;Completa;Tablet;;;;;;Servicio de préstamo de instrumentos musicales a domicilio;;;;No;;No;;No;;No;;;;10;10;10;10;10;10;10;No;;10;10;Es perfecto, no hay nada para mejorar ;De 26 a 40 años;Hombre;
41588391;2023-12-15 19:58:32;2023-12-15 19:59:38;339096;;Completa;Tablet;;;;;Servicio de cabinas de ensayo;;;;Actividades culturales (conciertos, talleres, visitas guiadas, exposiciones, conferencias, etc.);No;;No;;Sí;10;Sí;7;7;7;10;10;10;10;10;10;10;Sí;10;10;10;;De 18 a 25 años;Hombre;
41588405;2023-12-15 19:59:54;2023-12-15 20:03:58;339096;;Completa;Tablet;;;;;Servicio de cabinas de ensayo;;;;;No;;No;;No;;No;;;;10;10;;10;10;;10;No;;10;10;Me gusta mucho tal cual está. Creo que presta un gran servicio como biblioteca especializada y fondo musical ;De 41 a 64 años;Mujer;
41588449;2023-12-15 20:04:04;2023-12-15 20:07:00;339096;;Completa;Tablet;;;;Servicio de préstamo (libros, partituras, audiovisuales);Servicio de cabinas de ensayo;;Servicio de información general y especializada;;Actividades culturales (conciertos, talleres, visitas guiadas, exposiciones, conferencias, etc.);No;;No;;Sí;10;;;;;10;10;;9;9;9;9;Sí;10;10;10;;Más de 65 años;Mujer;
41588492;2023-12-15 20:08:09;2023-12-15 20:09:13;339096;;Completa;Tablet;;;;Servicio de préstamo (libros, partituras, audiovisuales);Servicio de cabinas de ensayo;;;;;No;;No;;No;;Sí;10;10;10;10;10;;;;;;;;;10;;De 41 a 64 años;Hombre;
41588532;2023-12-15 20:12:22;2023-12-15 20:24:27;339096;;Completa;Tablet;;;;Servicio de préstamo (libros, partituras, audiovisuales);Servicio de cabinas de ensayo;;;Servicio de reprografía de documentos (fotocopias, digitalización);Actividades culturales (conciertos, talleres, visitas guiadas, exposiciones, conferencias, etc.);Sí;6;No;;Sí;8;Sí;5;;;10;8;;;6;9;6;Sí;3;10;8;Entrenamiento alos;;;
41588675;2023-12-15 20:26:51;2023-12-15 20:29:25;339096;;Completa;Tablet;;;;Servicio de préstamo (libros, partituras, audiovisuales);Servicio de cabinas de ensayo;;;;Actividades culturales (conciertos, talleres, visitas guiadas, exposiciones, conferencias, etc.);Sí;10;No;;Sí;7;No;;;;9;9;;9;9;;9;Sí;9;7;8;Afinar más los pianos y reparar las teclas que se quedan agarrotadas;De 41 a 64 años;Hombre;
41618786;2023-12-18 15:59:18;2023-12-18 16:00:52;339096;;Completa;Tablet;;;;;Servicio de cabinas de ensayo;;;;;No;;No;;No;;Sí;8;;;9;9;;;;;9;Sí;8;9;9;;De 26 a 40 años;Hombre;
41618802;2023-12-18 16:01:19;2023-12-18 16:04:13;339096;;Completa;Tablet;;;;;Servicio de cabinas de ensayo;;;;Actividades culturales (conciertos, talleres, visitas guiadas, exposiciones, conferencias, etc.);No;;No;;Sí;10;Sí;10;;;10;10;;;;;10;;;10;10;;Más de 65 años;Hombre;
41618828;2023-12-18 16:04:30;2023-12-18 16:07:14;339096;;Completa;Tablet;;;;Servicio de préstamo (libros, partituras, audiovisuales);Servicio de cabinas de ensayo;;;Servicio de reprografía de documentos (fotocopias, digitalización);;Sí;10;No;;No;;Sí;;;;10;10;;4;10;10;;;;9;8;Mejorar la calidad de los atriles de las cabinas.  Afinación de pianos estudio. ;De 18 a 25 años;Mujer;
41619060;2023-12-18 16:34:40;2023-12-18 16:36:09;339096;;Completa;Tablet;;;;;Servicio de cabinas de ensayo;;;;;No;;No;;No;;Sí;9;10;10;10;10;10;;10;;10;Sí;10;10;10;;De 18 a 25 años;Hombre;
41619064;2023-12-18 16:36:27;2023-12-18 16:40:09;339096;;Completa;Tablet;;;;Servicio de préstamo (libros, partituras, audiovisuales);Servicio de cabinas de ensayo;;Servicio de información general y especializada;;;No;;No;;No;;Sí;8;;;9;10;9;;7;6;9;Sí;3;6;9;Como se,  a veces no está necesario inscribirse en ejercicios. Esto mejoraría aún más el sistema ;De 18 a 25 años;Hombre;
41619094;2023-12-18 16:41:14;2023-12-18 16:42:21;339096;;Completa;Tablet;;;;Servicio de préstamo (libros, partituras, audiovisuales);Servicio de cabinas de ensayo;;;;;No;;No;;No;;No;;;;6;10;;10;10;;10;Sí;10;10;8;;Más de 65 años;Hombre;
41619105;2023-12-18 16:42:41;2023-12-18 16:44:19;339096;;Completa;Tablet;;;;;Servicio de cabinas de ensayo;;;;Actividades culturales (conciertos, talleres, visitas guiadas, exposiciones, conferencias, etc.);Sí;10;No;;No;;Sí;9;9;9;10;10;10;10;10;10;;;;8;9;;De 26 a 40 años;Mujer;
41619127;2023-12-18 16:44:57;2023-12-18 16:45:55;339096;;Completa;Tablet;;;;;Servicio de cabinas de ensayo;;;;;No;;No;;No;;Sí;10;;;10;10;;;;;;Sí;10;10;10;;De 41 a 64 años;Mujer;
41619138;2023-12-18 16:46:22;2023-12-18 16:51:52;339096;;Completa;Tablet;;;;;Servicio de cabinas de ensayo;;;;;No;;No;;No;;No;;;;10;10;;;;;;;;8;10;En el caso de las cabinas individuales no colocar la calefacción tan alta ya que  al tiempo  resulta  agobiante ;De 18 a 25 años;Hombre;
41619183;2023-12-18 16:52:17;2023-12-18 16:54:04;339096;;Completa;Tablet;;;;Servicio de préstamo (libros, partituras, audiovisuales);;;;;Actividades culturales (conciertos, talleres, visitas guiadas, exposiciones, conferencias, etc.);Sí;8;No;;Sí;8;Sí;;7;7;8;9;;8;;;;Sí;9;;8;;Más de 65 años;Mujer;
41619219;2023-12-18 16:55:59;2023-12-18 16:57:10;339096;;Completa;Tablet;;;;Servicio de préstamo (libros, partituras, audiovisuales);;;;;Actividades culturales (conciertos, talleres, visitas guiadas, exposiciones, conferencias, etc.);No;;No;;Sí;10;No;;;;10;10;;;;;;;;;10;;Más de 65 años;Mujer;
41619233;2023-12-18 16:57:33;2023-12-18 16:58:59;339096;;Completa;Tablet;;;;Servicio de préstamo (libros, partituras, audiovisuales);;;;;;No;;No;;No;;Sí;;;;9;10;;;;;;;;8;9;;De 26 a 40 años;Hombre;
41619268;2023-12-18 17:01:14;2023-12-18 17:03:26;339096;;Completa;Tablet;;;;;Servicio de cabinas de ensayo;;;;;No;;No;;No;;Sí;;;;9;8;;7;8;;9;;;8;10;Reanudar los concde Navidad y verano ;De 41 a 64 años;Hombre;
41619288;2023-12-18 17:04:02;2023-12-18 17:10:22;339096;;Completa;Tablet;;;;Servicio de préstamo (libros, partituras, audiovisuales);Servicio de cabinas de ensayo;;;;Actividades culturales (conciertos, talleres, visitas guiadas, exposiciones, conferencias, etc.);Sí;10;No;;Sí;;Sí;8;;;10;10;10;10;10;;10;Sí;10;10;10;Organizar nuevamente conciertos de usuarios porque estimula el aprendizaje.  Reunnir usuarios voluntarios para montar un coro;Más de 65 años;Mujer;
41619371;2023-12-18 17:13:55;2023-12-18 17:32:09;339096;;Completa;Tablet;;;;Servicio de préstamo (libros, partituras, audiovisuales);Servicio de cabinas de ensayo;;Servicio de información general y especializada;;Actividades culturales (conciertos, talleres, visitas guiadas, exposiciones, conferencias, etc.);Sí;8;No;;Sí;9;Sí;8;7;7;9;10;;8;9;9;9;Sí;7;8;9;Servicio de fotocopia. Accesibilidad del fondo de armarios partituras que puedan estar en estanterías ;Más de 65 años;Hombre;
41619503;2023-12-18 17:32:43;2023-12-18 17:33:43;339096;;Completa;Tablet;;;;;Servicio de cabinas de ensayo;;;;;No;;No;;No;;No;;;;8;8;;;;;;;;9;8;;Más de 65 años;Hombre;
41619865;2023-12-18 18:26:40;2023-12-18 18:30:16;339096;;Completa;Tablet;;;;;Servicio de cabinas de ensayo;;;;;No;;No;;No;;Sí;10;10;10;10;10;10;;;;;;;9;;Estoy encantado de practicar en las cabinas de piano en Biblioteca Musicall Víctor Espinos. Mee gustaría tener la oportunidad de pedir las cabinas más frecuentemente ;;;
41619897;2023-12-18 18:32:04;2023-12-18 18:37:46;339096;;Completa;Tablet;;;;Servicio de préstamo (libros, partituras, audiovisuales);Servicio de cabinas de ensayo;;;;;No;;No;;No;;Sí;8;8;8;8;8;8;8;7;7;7;Sí;7;6;8;Que abra los fines de semana que es cuando el usuario tiene más tiempo disponible ;De 26 a 40 años;;
41619932;2023-12-18 18:38:19;2023-12-18 18:55:02;339096;;Completa;Tablet;;;;Servicio de préstamo (libros, partituras, audiovisuales);Servicio de cabinas de ensayo;;;;Actividades culturales (conciertos, talleres, visitas guiadas, exposiciones, conferencias, etc.);No;;No;;Sí;10;Sí;;;;10;10;;;;;;;;;10;Si hay cabinas para instrumento libres poder hacer uso de ellas. Me parece una pena no poder hacerlo si nadie la va a usar ;De 41 a 64 años;Mujer;
