id,name,host_id,host_name,neighbourhood_group,neighbourhood,latitude,longitude,room_type,price,minimum_nights,number_of_reviews,last_review,reviews_per_month,calculated_host_listings_count,availability_365,number_of_reviews_ltm,license
2992450,Luxury 2 bedroom apartment,4621559,Kenneth,,THIRD WARD,42.65789,-73.7537,Entire home/apt,,28,9,2022-08-17,0.07,1,280,0,
3820211,Restored Precinct in Center Sq. w/Parking,19648678,Terra,,SIXTH WARD,42.65222,-73.76724,Entire home/apt,115,2,306,2024-10-14,2.42,4,294,15,
5651579,Large studio apt  by Capital Center & ESP@,29288920,Gregg,,SECOND WARD,42.64615,-73.75966,Entire home/apt,75,2,370,2024-10-28,3.14,2,4,38,
6623339,Center Sq. Loft in Converted Precinct w/ Parking,19648678,Terra,,SIXTH WARD,42.65222,-73.76724,Entire home/apt,115,2,329,2024-11-30,2.82,4,337,22,
9005989,"Studio in The heart of Center SQ, in Albany NY",17766924,Sugey,,SIXTH WARD,42.65559,-73.76506,Entire home/apt,85,1,605,2024-12-08,5.90,1,355,29,
9501054,Spacious suite with full bath by Capital  Center,29288920,Gregg,,SECOND WARD,42.64734,-73.75851,Private room,65,2,404,2024-11-11,3.72,2,56,42,
10768745,Alb hospital area studio bath wifi. (Red),5691268,Elizabeth,,FOURTEENTH WARD,42.66078,-73.80553,Entire home/apt,50,1,739,2024-12-23,6.80,2,0,123,
11253948,/Fire Place Bungalow\ 1917 SUNY Eagle 6Beds 2Baths,4259750,Peter,,FIFTEENTH WARD,42.67567,-73.82438,Entire home/apt,180,1,174,2025-01-03,1.66,8,0,33,
11639446,$55twin($30 foreign student)FreeBF Noa/c no smoke,61700428,Adam,,ELEVENTH WARD,42.67583,-73.78297,Private room,55,15,231,2024-02-29,2.21,2,365,2,
12284708,"Well Lit Modern Room, Perfect Location Albany",36438637,Chad,,TENTH WARD,42.65912,-73.78349,Private room,45,18,61,2019-10-26,0.58,4,218,0,
12799126,Private Room in the Hearth of the Albany,69729286,Musab,,SIXTH WARD,42.65154,-73.76867,Private room,50,5,28,2024-02-06,0.53,2,363,1,
13083497,Pristine Cape Cod on the Creek - 4 Large Bedrooms,1364123,Akhilesh,,FIFTEENTH WARD,42.66972,-73.82753,Entire home/apt,219,2,187,2024-11-09,1.80,1,350,15,
14316232,"Unique Modern Room, Perfect Location Albany",36438637,Chad,,TENTH WARD,42.65726,-73.78219,Private room,45,18,51,2024-09-02,0.50,4,344,4,
14989805,/Miller Colonial\ 1946 SUNY Eagle Hill 5Bed 2Baths,4259750,Peter,,FIFTEENTH WARD,42.673512,-73.819679,Entire home/apt,184,1,106,2024-12-21,1.07,8,0,23,
15580397,Albany Medical/Dtwn Albany/Colleges/BLUE ROOM H.,89705052,Share,,NINTH WARD,42.65651,-73.77887,Private room,55,2,46,2024-12-30,0.50,4,114,8,
16531782,On a little park in Albany pine hills. (Blue),5691268,Elizabeth,,FOURTEENTH WARD,42.66075,-73.80605,Entire home/apt,70,1,466,2024-12-06,8.30,2,316,132,
17238066,"$53($25 foreign student)Twin, noa/cno
Smoke freeBF",61700428,Adam,,FIFTH WARD,42.67614,-73.78169,Private room,,15,132,2024-08-01,1.41,2,365,2,
17514620,Cozy Modern Room Perfect Location Albany,36438637,Chad,,TENTH WARD,42.6584,-73.78309,Private room,45,18,56,2024-11-02,0.59,4,345,4,
19527043,Charming 1 Bedroom in a Historic Residential Home,15223767,Ed,,NINTH WARD,42.65312,-73.78161,Private room,70,1,82,2024-09-17,1.08,3,183,11,
19571496,Modern Studio Perfect Location Albany,36438637,Chad,,TENTH WARD,42.6585,-73.78414,Private room,50,18,28,2024-10-05,0.35,4,344,2,
20519885,Spacious5BedroomHome SparklingClean InAlbany,67171774,Michael And Flerida,,FOURTEENTH WARD,42.65846,-73.80201,Entire home/apt,275,4,106,2024-11-30,1.22,1,348,16,
20620135,/Red Warhol Ranch\ 1959 SUNY Eagle Hill 4beds1Bath,4259750,Peter,,FIFTEENTH WARD,42.675,-73.82382,Entire home/apt,106,1,64,2025-01-01,0.73,8,346,9,
20633175,"Garden Apartment, on the Park, close to Capital.",65414985,James,,SEVENTH WARD,42.64939,-73.76865,Entire home/apt,136,2,131,2024-05-12,1.59,2,359,1,
20671966,The Metropolitan,98744672,Bela,,NINTH WARD,42.65532,-73.78244,Entire home/apt,80,2,45,2024-12-19,0.50,8,345,6,
21052414,Cozy bedroom with (2) walk-in closets,135717458,Chad,,THIRTEENTH WARD,42.66565,-73.77975,Private room,40,18,43,2024-12-18,0.54,3,337,3,
21392315,The Blair Suite,98744672,Bela,,NINTH WARD,42.65372,-73.78244,Entire home/apt,75,2,126,2024-11-18,1.45,8,365,16,
21449583,/zBig Blue Ranch\ 1962 SUNY Eagle Hill 4Beds 2Bath,4259750,Peter,,FIFTEENTH WARD,42.67547,-73.82402,Entire home/apt,570,4,8,2018-07-27,0.09,8,365,0,
21752534,"NEW LISTING! Modern, completely updated, LOCATION!",152762198,Allen,,TENTH WARD,42.66045,-73.77833,Entire home/apt,69,3,174,2024-12-23,2.01,9,365,21,
21769213,Cozy downstairs bedroom in quiet neighborhood!,135717458,Chad,,ELEVENTH WARD,42.66572,-73.77834,Private room,35,18,30,2024-12-17,0.35,3,191,8,
21769439,Cozy upstairs room with (1) walk-in closet,135717458,Chad,,ELEVENTH WARD,42.66703,-73.77842,Private room,39,18,25,2024-12-12,0.29,3,344,4,
22398196,Elegant Guest Suite in our beautiful Victorian!,98744672,Bela,,NINTH WARD,42.65501,-73.78122,Private room,60,2,118,2024-12-21,1.39,8,0,14,
24120690,One Bedroom apartment with private entrance,156446839,Domini,,FOURTEENTH WARD,42.65975,-73.81196,Private room,75,2,122,2024-09-07,1.49,1,4,5,
24606880,The Western Suite,98744672,Bela,,NINTH WARD,42.65431,-73.78178,Private room,60,2,46,2024-10-28,0.61,8,365,7,
25549565,Quiet and Pretty in the Heart of Center Square,9666970,Janet,,SIXTH WARD,42.65345,-73.7645,Entire home/apt,79,1,889,2024-12-21,11.10,1,145,128,
25976514,City Feel - Green Room,31757246,Leiba,,SIXTH WARD,42.65333,-73.77293,Private room,50,3,14,2024-12-01,0.18,1,359,2,
26139592,Garden Apartment in Ctr. Square: Monthly Discounts,6833937,Farah,,SIXTH WARD,42.65403,-73.76325,Entire home/apt,89,2,128,2024-12-07,1.64,1,299,22,
27670660,The Rock & Roll Suite,98744672,Bela,,NINTH WARD,42.6543083190918,-73.78177642822266,Private room,70,2,26,2024-10-15,0.36,8,294,5,
27692601,Albany Cozy home with fireplaces and Sunroom,202580880,Rosanne,,EIGHTH WARD,42.64514,-73.80668,Entire home/apt,195,3,14,2022-10-08,0.18,1,179,0,
28341274,Private room in historic building on the park,54394342,Alice,,SIXTH WARD,42.65821,-73.76917,Private room,75,1,89,2024-11-08,1.16,1,340,30,
28400263,Private Room in Historic Residential Home,15223767,Ed,,NINTH WARD,42.65464,-73.78348,Private room,50,1,267,2024-12-11,3.57,3,261,28,
28519423,Albany Medical/Dtwn Albany/Colleges/RED ROOM M.,89705052,Share,,TENTH WARD,42.65746,-73.77904,Private room,55,2,69,2024-10-28,0.91,4,117,12,
28722270,‚úçHistoric Loft Suite @ Downtown Albany,44434571,Earl,,SECOND WARD,42.64535,-73.75365,Entire home/apt,78,1,669,2025-01-01,8.98,8,0,61,
28868857,‚≠êCozy Garden Suite Full Amenities @Downtown Albany,44434571,Earl,,SECOND WARD,42.64535,-73.75365,Entire home/apt,52,1,596,2025-01-01,8.07,8,340,67,
28929840,"Spacious
private suite and private bath",194113768,Rachel,,FOURTH WARD,42.6737,-73.75313,Private room,95,1,7,2024-06-09,0.09,1,164,1,
29605579,Funky Urban 1 Bedroom Apt w/ Parking in Center Sq,19648678,Terra,,SIXTH WARD,42.65235,-73.76714,Entire home/apt,99,2,97,2024-11-07,1.29,4,323,9,
30189794,Seashore Suite At The Inn on South Lake,98744672,Bela,,NINTH WARD,42.6533,-73.78114,Private room,65,2,68,2024-05-19,0.94,8,191,4,
31210362,Nest in Hazel,160340958,Jon,,FIFTEENTH WARD,42.67519,-73.82281,Private room,49,2,29,2024-10-26,0.40,1,346,2,
32279028,"Cosy, comfy and quiet for one",172223381,Diana,,EIGHTH WARD,42.64936,-73.80278,Private room,60,1,207,2024-10-17,2.90,2,10,14,
32450400,Moroccan Sands,97330032,Sherrell,,FOURTH WARD,42.6761,-73.73825,Private room,122,3,1,2024-10-28,0.43,1,179,1,
32993402,‚ú®Historic Full Amenities 2BR Apt @Downtown Albany,44434571,Earl,,SECOND WARD,42.64563,-73.75311,Entire home/apt,95,1,434,2024-12-28,6.15,8,237,31,
33558235,"Historic, Spacious & Fun 2BR Apt @ Downtown Albany",44434571,Earl,,SECOND WARD,42.64585,-73.75297,Entire home/apt,,1,433,2025-01-02,6.22,8,363,38,
34330970,Muhammed Ali Lounge & Pool Hall ‚¨¢‚¨°,232967878,Diana,,SECOND WARD,42.64335,-73.7579,Entire home/apt,138,1,302,2024-12-17,4.44,23,84,61,
35793179,Cozy Bedroom in Historic Residential Home,15223767,Ed,,SEVENTH WARD,42.65259,-73.78223,Private room,50,1,185,2024-12-22,2.77,3,253,36,
35914565,The Poker Room ‚ô§ Downtown Albany,232967878,Diana,,SECOND WARD,42.64506,-73.75727,Entire home/apt,127,1,302,2024-11-19,4.51,23,88,48,
36443605,Sophisticated Retreat: 2BR in heart of Albany,188679144,Elizabeth,,THIRTEENTH WARD,42.66619,-73.79031,Entire home/apt,100,2,54,2024-08-14,0.81,8,365,4,
38321579,Comfy and quiet,172223381,Diana,,EIGHTH WARD,42.65085,-73.80239,Private room,60,1,382,2025-01-02,5.89,2,134,101,
39093517,Center Square Safe 2 Bedroom Long  Stay w/ Parking,299638115,Dominick And Flerida,,SIXTH WARD,42.65507,-73.76138,Entire home/apt,120,3,41,2024-08-24,0.66,3,365,5,
39698576,Spacious Designer 1-Bed Near Albany Med,188679144,Elizabeth,,NINTH WARD,42.65483,-73.78033,Entire home/apt,85,5,23,2023-09-22,0.36,8,365,0,
39836487,Completely Renovated Center Square Top FL Studio,306508346,Adem,,SIXTH WARD,42.65547,-73.7651,Entire home/apt,70,1,311,2025-01-02,4.95,1,1,70,
39864828,Stunning Bungalo-style Loft in downtown Albany,10313615,Matthew,,FOURTH WARD,42.66091,-73.74285,Entire home/apt,274,1,228,2024-05-04,3.76,1,266,7,
40491172,"Renovated, private parking,location, washer dryer!",152762198,Allen,,THIRTEENTH WARD,42.66827,-73.79231,Entire home/apt,101,3,121,2024-12-26,1.96,9,356,22,
40828178,Comfortable! One Bedroom A/C Apartment Queen Bed,47491906,Lloyd,,FOURTH WARD,42.67773,-73.73899,Entire home/apt,109,1,168,2024-11-10,2.77,1,364,2,
41319631,Modern Carriage in the Heart of Albany,59864591,Daniel,,SIXTH WARD,42.65115,-73.7668,Entire home/apt,92,30,4,2023-01-06,0.09,1,337,0,
42009788,Center Square Sanctuary: Private 2-Bedroom Gem,188679144,Elizabeth,,SIXTH WARD,42.65315,-73.76202,Entire home/apt,110,7,24,2024-12-24,0.40,8,365,2,
42092736,Private Bedroom in Cozy Ranch Home,41400541,John,,FOURTEENTH WARD,42.66403,-73.81446,Private room,55,1,187,2024-12-18,3.15,1,141,59,
42391372,Central Albany Apartment: Walk to State Capitol!,121680792,Evolve,,SECOND WARD,42.6469,-73.75761,Entire home/apt,178,3,27,2022-10-27,0.49,6,277,0,
42567833,Homey,339085327,Arkady,,NINTH WARD,42.65567,-73.7854,Entire home/apt,200,70,0,,,1,365,0,
42763847,Charming dog friendly home with private yard!,649068,Anthony,,FIRST WARD,42.63876,-73.78535,Entire home/apt,145,1,105,2024-12-21,1.83,1,0,13,
43208391,Historic Downtown Albany Apartment,272907816,Angela,,SECOND WARD,42.64453,-73.75426,Entire home/apt,120,2,104,2024-11-10,1.99,4,89,25,
43459803,Luxury 1 bedroom Apt in the heart of Center Square,299638115,Dominick And Flerida,,SIXTH WARD,42.65556,-73.76205,Entire home/apt,107,4,17,2024-10-29,0.36,3,365,3,
43736299,*The Blue House* Incredible 3 Bedroom Apartment,349460842,Scott,,TENTH WARD,42.66257,-73.78281,Entire home/apt,200,1,131,2024-10-28,2.39,17,39,23,
43955950,* Quaint home located in residential neighborhood*,232967878,Diana,,EIGHTH WARD,42.64383,-73.78926,Entire home/apt,275,2,91,2024-11-30,1.66,23,63,24,
44180048,Historic Queen Studio Across from Washington Park!,355777684,Lloyd,,SIXTH WARD,42.65935,-73.76805,Entire home/apt,119,1,360,2025-01-01,6.61,3,0,42,
44265426,Parkside Queen 1 Bedroom (1800's) Brownstone!,355777684,Lloyd,,SIXTH WARD,42.66006,-73.76966,Entire home/apt,142,1,296,2024-12-29,5.48,3,344,16,
44450012,Spacious upscale luxury apartment with huge yard,353498132,Michael,,EIGHTH WARD,42.64808,-73.7996,Entire home/apt,120,13,26,2024-11-26,0.49,6,174,4,
45024912,Private Apt Queen 1 Bed Sanctuary with many Extras,362851072,Elsa,,FOURTEENTH WARD,42.66132,-73.7956,Entire home/apt,142,1,128,2024-08-22,2.41,1,365,8,
45074220,"Historic Albany, Loft Apartment",272907816,Angela,,SECOND WARD,42.64454,-73.75369,Entire home/apt,90,2,33,2024-10-20,0.82,4,89,4,
45313545,Adorable & Trendy 1 Bd Apt Minutes to Albany Med!,165293595,Kori,,NINTH WARD,42.6545,-73.78223,Entire home/apt,79,2,138,2024-12-14,2.69,1,177,38,
45334218,"3 bedrooms/pvt bath/Alb Med, colleges, Dtwn Alb.",89705052,Share,,TENTH WARD,42.65842,-73.77869,Private room,,2,0,,,4,21,0,
45528939,UNIQUE Gem in HEART of Albany ‚òÖ Spiral Staircase,47625981,Linda,,SECOND WARD,42.64801,-73.75668,Entire home/apt,120,1,97,2024-10-28,2.02,18,344,14,
45529316,WOW ‚òÖ Bright Apt ‚òÖ PRIME downtown Walk Everywhere,47625981,Linda,,SECOND WARD,42.64821,-73.75793,Entire home/apt,120,1,114,2024-11-12,2.37,18,345,21,
45529447,‚òÖ 2 BEDROOM / 1 BATH TRENDY Apt ‚òÖ Downtown Albany,47625981,Linda,,SECOND WARD,42.64713,-73.75628,Entire home/apt,140,1,141,2024-12-15,2.95,18,340,24,
45804322,Home in Heart of Pine Hills,124848440,Emilie,,TENTH WARD,42.66137,-73.7904,Private room,97,1,169,2024-12-26,3.29,1,89,31,
46894493,Our Antique Bungalow,69789449,Dan,,NINTH WARD,42.65311,-73.78525,Entire home/apt,190,1,244,2024-12-15,5.12,1,298,52,
47334913,"Newly renovated,Amazing Location,private parking",152762198,Allen,,THIRTEENTH WARD,42.66646,-73.79184,Entire home/apt,92,3,84,2024-11-27,1.75,9,165,26,
47345872,Bright large 1 bdr loft in Center Sq -free parking,19648678,Terra,,SIXTH WARD,42.65345,-73.76663,Entire home/apt,115,1,59,2024-12-23,1.24,4,337,18,
47408047,"Quiet cozy apartment, private laundry, great spot!",152762198,Allen,,FOURTEENTH WARD,42.67156,-73.80883,Entire home/apt,80,3,61,2024-12-12,1.29,9,364,20,
47440071,Lux Loft Suite in Historic Jesse Buel House,382970529,Thomas,,THIRTEENTH WARD,42.6692,-73.79849,Private room,128,2,156,2025-01-01,3.23,14,80,43,
47828453,Holidays in Center Square Albany 2BR Apt w/Parking,299638115,Dominick And Flerida,,THIRD WARD,42.656,-73.76123,Entire home/apt,120,3,19,2024-10-28,0.40,3,365,4,
47902629,"Renovated 2br/2ba, close to Alb Med & St. Petes.",21886921,David,,THIRTEENTH WARD,42.66744,-73.79216,Entire home/apt,125,14,8,2024-12-05,0.18,2,261,1,
47943571,Downtown Albany 1 Bed + Workstation @ Maiden Lane,385664127,Dillon,,THIRD WARD,42.65118,-73.75274,Entire home/apt,92,2,156,2024-10-30,3.29,2,253,32,
48052353,*The Rustic Home* 3 Bedroom Second Floor Apartment,349460842,Scott,,TENTH WARD,42.66261,-73.78332,Entire home/apt,151,1,155,2024-12-22,3.27,17,333,14,
48124042,Downtown Albany 2 Bedroom + Workstation @ The Mark,385664127,Dillon,,THIRD WARD,42.64982,-73.7509,Entire home/apt,114,1,206,2024-12-21,4.96,2,133,43,
48172884,The Down Under Suite,98744672,Bela,,NINTH WARD,42.65399,-73.78126,Private room,50,2,72,2024-11-23,1.54,8,341,26,
48470454,"/ New Giant Victorian \ 7beds 6 baths + 2x 85"" TVs",4259750,Peter,,THIRTEENTH WARD,42.66526412963867,-73.78692626953125,Entire home/apt,426,2,42,2024-12-01,1.40,8,300,12,
49886937,VACATION TIME,219746338,Nicola,,FOURTH WARD,42.65854,-73.74926,Shared room,45,1,0,,,1,359,0,
50088935,Quiet 2-bedroom condo in the heart of Albany,172658781,Jessica,,THIRTEENTH WARD,42.66972,-73.79544,Entire home/apt,95,60,4,2022-11-30,0.10,3,273,0,
50171851,Beautiful Center Square Garden-Level Unit,48490017,Todd,,SIXTH WARD,42.65157,-73.76546,Entire home/apt,98,2,173,2024-12-02,4.19,1,51,37,
50207226,‚òÖ RARE 1BR Apt with Character GREAT Location! W/D‚òÖ,47625981,Linda,,FOURTH WARD,42.65888,-73.74673,Entire home/apt,115,1,81,2024-10-28,1.86,18,332,12,
50211226,Quaint Studio By Washington Park | Walkable!,105597161,Kate And Jake,,ELEVENTH WARD,42.66034,-73.77163,Entire home/apt,105,2,178,2024-12-28,4.85,1,360,37,
50354540,Heart of Center Square: Designer 2-Bed Retreat,188679144,Elizabeth,,SIXTH WARD,42.65333,-73.76402,Entire home/apt,110,3,14,2024-08-25,0.32,8,344,5,
50639032,"Sunny Queen bed, Quiet w/Beautiful Garden",172539578,David Yisrael,,FIFTEENTH WARD,42.67945,-73.81647,Private room,48,3,45,2024-12-06,1.13,4,157,9,
50890336,"‚òÖCHIC, Renovated Brownstone‚òÖ in PRIME DT Albany",47625981,Linda,,FOURTH WARD,42.65901,-73.74748,Entire home/apt,120,1,45,2024-07-25,1.08,18,361,6,
51230498,"Chic-romantic, center-city, hotel-style apartment.",414738935,Sonya,,THIRD WARD,42.66064,-73.76074,Entire home/apt,81,1,241,2024-12-14,5.73,1,82,38,
51461480,üçÉChic & Cozy Near Washington Park Garden Suite,416799784,Rosie,,TENTH WARD,42.65969,-73.77564,Entire home/apt,99,7,25,2024-12-03,0.64,1,159,4,
51503537,Walk to Everything Downtown Albany! Luxury Apt!,394420519,All Seasons,,THIRD WARD,42.65061,-73.75006,Entire home/apt,105,4,9,2024-09-09,0.22,1,179,2,
51560588,Steps 2 Capital,392074908,Jerry,,SIXTH WARD,42.65431,-73.75997,Entire home/apt,,365,42,2023-09-10,1.02,3,364,0,
51579900,‚òÖMODERN 1BR GREAT Location Downtown! W/D Parking!‚òÖ,47625981,Linda,,FOURTH WARD,42.65856,-73.74866,Entire home/apt,110,1,74,2024-10-28,1.79,18,361,11,
51592836,Lovely 1 Bedroom Unit In Historic Brownstone!,60293220,David,,THIRD WARD,42.65844,-73.74978,Entire home/apt,99,2,87,2024-10-30,2.20,3,364,19,
51710034,Empire Plaza View I,392074908,Jerry,,SIXTH WARD,42.65269,-73.76076,Entire home/apt,98,2,38,2024-10-24,0.93,3,346,6,
51954621,Queen bed w/garden hammocks & home gym,172539578,David Yisrael,,FIFTEENTH WARD,42.67812,-73.81724,Private room,39,3,10,2023-03-03,0.26,4,58,0,
51960331,"Tuscan Garden Apt at Caf√© Capriccio Albany, NY",418024477,Marlene,,SECOND WARD,42.64684,-73.75614,Entire home/apt,125,1,105,2024-12-29,2.61,1,176,28,
51964868,Center Square,392074908,Jerry,,SIXTH WARD,42.65442,-73.7611,Entire home/apt,98,2,52,2023-10-15,1.29,3,360,0,
52152157,"Modern space, everything you could want!",152762198,Allen,,FIRST WARD,42.63066,-73.77357,Entire home/apt,99,3,66,2024-11-30,1.65,9,149,19,
52241973,Garden Apartment in Historic Center Square Home,35465673,Jason,,SIXTH WARD,42.65641,-73.76413,Entire home/apt,87,1,292,2024-12-05,7.44,1,75,97,
52611613,* Adorable home w/parking near great restaurants *,232967878,Diana,,NINTH WARD,42.65674,-73.79221,Entire home/apt,185,2,126,2024-11-30,3.21,23,238,28,
52615364,Unique one bedroom in the heart of downtown Albany,416465867,Chris,,THIRD WARD,42.65069,-73.75193,Entire home/apt,65,30,20,2022-03-27,0.51,1,142,0,
52619545,* Centrally located Eclectic vibe 2 bed w/parking,232967878,Diana,,THIRTEENTH WARD,42.67102,-73.79454,Entire home/apt,125,2,83,2024-11-24,2.10,23,85,13,
52691284,+ Perfect place to make memories with loved ones +,232967878,Diana,,TENTH WARD,42.66236,-73.79245,Entire home/apt,600,2,81,2024-12-01,2.06,23,81,24,
52836323,*Hidden gem w/in walking distance to Madison Ave *,232967878,Diana,,THIRTEENTH WARD,42.67242,-73.79292,Entire home/apt,150,1,85,2024-11-16,2.30,23,89,30,
52837196,‚òÖMODERN 1BR Apt w/ PRIVATE deck! W/D‚òÖ,47625981,Linda,,FOURTH WARD,42.65812,-73.74837,Entire home/apt,115,1,70,2024-11-16,1.79,18,359,13,
52863776,Washington Parkside 1 Bedroom In 1800s Brownstone!,355777684,Lloyd,,SIXTH WARD,42.65826,-73.76944,Entire home/apt,109,1,187,2024-11-24,4.81,3,340,48,
52923647,Cozy 3BR House in Whitehall near DT Albany,428451585,Erwin,,EIGHTH WARD,42.64792,-73.79953,Entire home/apt,250,3,0,,,1,364,0,
53312101,* 1 bed near Times Union center & Egg w/parking *,232967878,Diana,,SECOND WARD,42.64369,-73.7581,Entire home/apt,85,2,57,2024-12-21,1.49,23,0,17,
53483727,Spacious Urban APT w/4BR & Office in Albany,433096110,Brian,,FOURTEENTH WARD,42.65824,-73.80114,Entire home/apt,186,1,150,2025-01-04,4.09,4,0,54,
53567589,Private Garden Apt in Downtown Albany|Pets Allowed,433096110,Brian,,SIXTH WARD,42.65204,-73.76655,Entire home/apt,109,1,242,2025-01-03,6.48,4,0,72,
53645427,‚òÖ BEAUTIFUL  2 BED 2 BATH  w/ SOAKER TUB + W/D‚òÖ,47625981,Linda,,FOURTH WARD,42.65913,-73.74722,Entire home/apt,150,1,108,2024-12-07,2.89,18,350,33,
53860077,/ Gorgeous Garden Getaway\ 1943 SUNY Eagle Hill,4259750,Peter,,FIFTEENTH WARD,42.674675,-73.822861,Entire home/apt,,1,35,2024-12-10,1.03,8,358,19,
53971505,Charming 1 Bdrm Garden Apt in Historic Brownstone,60293220,David,,FOURTH WARD,42.65873,-73.7494,Entire home/apt,,13,3,2022-12-31,0.09,3,364,0,
54097694,B Unieke,438504176,Roland,,SECOND WARD,42.64683,-73.75662,Entire home/apt,300,1,0,,,1,364,0,
54126420,Beautiful 1 bedroom in a quiet residential area.,37769478,Erion,,TENTH WARD,42.66261,-73.79026,Entire home/apt,66,1,95,2024-12-09,3.04,11,359,33,
54126421,Beautiful Apartment in the heart of Albany,37769478,Erion,,SIXTH WARD,42.65422,-73.76996,Entire home/apt,95,1,64,2024-10-28,1.89,11,358,11,
54126427,Beautiful 1 bedroom In the heart of Albany,37769478,Erion,,SIXTH WARD,42.65403,-73.77056,Entire home/apt,95,1,114,2024-12-12,3.13,11,338,14,
54128829,Modern & Cozy Cntr Square Townhouse Gem from 1854,265709295,Richard & Priscela,,SIXTH WARD,42.65594,-73.76591,Entire home/apt,174,1,227,2024-12-03,6.48,2,347,45,
54150131,Charming 170-Year-Old Home in the Heart of Albany,432936385,Jared,,SIXTH WARD,42.65143,-73.76497,Entire home/apt,125,1,189,2024-12-29,5.54,1,315,78,
54232383,Lovely 2 bedroom unit with indoor fireplace.,272907816,Angela,,SECOND WARD,42.64459,-73.75392,Entire home/apt,125,2,5,2022-11-06,0.18,4,5,0,
54369238,"Cozy townhouse, close to hospital, free parking!",152762198,Allen,,NINTH WARD,42.65578,-73.78641,Entire home/apt,,3,43,2024-11-27,1.55,9,173,12,
54369240,Lovely 1 bedroom rental close to Alb Med!,152762198,Allen,,TENTH WARD,42.65905,-73.77964,Entire home/apt,79,3,49,2024-12-14,1.54,9,356,16,
559249822516788574,Cozy 1 bedroom with office and luxurious King size,433884293,Uniah,,NINTH WARD,42.66062,-73.79112,Entire home/apt,75,6,2,2023-06-26,0.07,1,363,0,
563711706943869398,/Purple Potty Penthouse\ 1928 Pine Hill 4Bed 1Bath,4259750,Peter,,THIRTEENTH WARD,42.66919,-73.78672,Entire home/apt,444,2,9,2024-10-19,0.26,8,364,3,
565171585673492875,Lovely 1 bed apartment close to MVP Arena,232967878,Diana,,SECOND WARD,42.64342,-73.75742,Entire home/apt,118,1,91,2024-10-28,2.60,23,74,25,
581057744765912905,‚óÜUNIQUE‚óÜ spacious LOFT with photo studio w/d!,47625981,Linda,,THIRD WARD,42.65848,-73.76359,Entire home/apt,115,1,43,2024-11-18,1.26,18,364,6,
588298411730694861,Modern one bedroom with free off street parking,353498132,Michael,,SECOND WARD,42.64441,-73.75647,Entire home/apt,105,13,13,2024-11-09,0.42,6,277,4,
593272120497643087,Lux Suite at the Historic Jesse Buel House.,382970529,Thomas,,THIRTEENTH WARD,42.66911,-73.79869,Private room,128,1,118,2024-12-29,3.86,14,76,41,
597655328370142613,Newly refurbished 2 bedroom close to Lark,30920241,Miri,,SIXTH WARD,42.65314,-73.76787,Entire home/apt,214,60,11,2024-10-28,0.34,2,88,4,
610090811367811938,COZY rental near hospitals! Off street parking,40548251,Reyana,,NINTH WARD,42.652049,-73.7949665,Entire home/apt,112,1,66,2024-12-28,2.52,1,350,38,
617242073954595468,Iconic City Center Apt in Downtown | Pets Allowed,433096110,Brian,,SIXTH WARD,42.65353,-73.7679,Entire home/apt,110,1,152,2024-12-29,4.68,4,354,54,
618673322156725003,"Huge loft with a king bed, balcony and park views",2554853,Nim,,SIXTH WARD,42.655479431152344,-73.76625061035156,Entire home/apt,135,5,7,2024-07-27,0.26,1,267,2,
619695112394148331,Modern luxury one bedroom with off street parking,353498132,Michael,,SECOND WARD,42.64489,-73.75731,Entire home/apt,123,13,10,2024-08-01,0.33,6,152,5,
620480926228934988,"Lovely renovated, 2-bedroom home with free parking",457678547,Najeem Adegbemiga,,SEVENTH WARD,42.640217,-73.780815,Entire home/apt,140,2,16,2024-07-22,0.55,1,33,4,
621960198566758900,One-of-a-Kind Luxe Urban Farmhouse w/ Heated Pool,382970529,Thomas,,FOURTEENTH WARD,42.66762,-73.79919,Entire home/apt,1482,2,14,2024-11-29,0.46,14,346,7,
623102454293479631,Walk everywhere! Stylish apartment for up to 5,1176120,Julia,,THIRD WARD,42.65723,-73.75684,Entire home/apt,89,1,177,2025-01-01,5.49,1,36,56,
623917194842421014,Summer Ski Lodge in the City,392756169,Andrew,,SIXTH WARD,42.65444917416824,-73.76541776378296,Entire home/apt,124,1,0,,,1,364,0,
625346918039601608,Charming Garden Apartment in Center Square,12742779,Kathryn,,SIXTH WARD,42.65347,-73.7662,Entire home/apt,110,1,247,2024-12-18,7.86,1,18,77,
628163387057233327,‚òÖSPACIOUS 1BR Apt w/ Character 10ft Ceilings W/D!‚òÖ,47625981,Linda,,SECOND WARD,42.64528,-73.75861,Entire home/apt,110,1,52,2024-10-28,1.65,18,358,16,
628824127129967353,Clean lines and accessible Convenient Location!,7164949,Jordan,,THIRD WARD,42.66169974831227,-73.76466827605744,Private room,68,2,0,,,1,88,0,
631035244220396236,‚òÖPRIVATE 1 BDRM Newly Renovated Apt W/D Patio‚òÖ,47625981,Linda,,SECOND WARD,42.64558,-73.75928,Entire home/apt,109,1,54,2024-10-20,1.70,18,348,14,
631778545710518995,Lovely 3-bedroom apartment with indoor fireplace.,272907816,Angela,,SECOND WARD,42.645252,-73.753433,Entire home/apt,,2,17,2024-06-10,0.74,4,0,6,
634108143238179968,Perfect for Families and Traveling Professionals,119340359,Lori,,SIXTH WARD,42.65323,-73.76797,Entire home/apt,216,30,101,2024-07-28,3.20,2,87,27,
646570081594519710,Peaceful 2 bedroom condo in the heart of Albany,172658781,Jessica,,THIRTEENTH WARD,42.66897,-73.79653,Entire home/apt,95,24,1,2024-08-24,0.22,3,150,1,
649973892551492641,Modern luxury studio with free off street parking,353498132,Michael,,SECOND WARD,42.64625,-73.75663,Entire home/apt,90,14,8,2024-11-26,0.28,6,276,3,
653433851241162365,Lovely apartment in heart of Albany,1761578,Grant,,SIXTH WARD,42.65389,-73.76538,Entire home/apt,130,2,6,2024-10-21,0.27,3,3,5,
654302747324294105,‚òÖ Private 1 bdrm w/ backyard access ‚òÖ In-unit W/D,47625981,Linda,,FOURTH WARD,42.65752,-73.74743,Entire home/apt,115,1,51,2024-12-01,1.69,18,295,15,
658160753231817095,Lovely artist 1 bedroom apartment close to LARK,30920241,Miri,,SIXTH WARD,42.65128,-73.7686,Entire home/apt,,30,1,2024-06-28,0.16,2,0,1,
658638185191740358,CHEERFULL 3 BEDROOM HOME WITH FREE PARKING.,466389096,Patrice,,FIRST WARD,42.6374547,-73.7716647,Entire home/apt,159,5,5,2023-09-22,0.17,2,330,0,
662132809952482192,Beautiful 4 bedroom house Large eat in kitchen,466389096,Patrice,,FIRST WARD,42.6378819,-73.7715269,Entire home/apt,139,7,2,2024-08-12,0.07,2,309,1,
667644674529935702,Pied-a-terre albany,439560254,Sean,,SIXTH WARD,42.65541380925019,-73.76367520540953,Entire home/apt,118,2,93,2024-12-26,3.13,1,85,32,
668608096674070882,The Rose Room at Historic Buel House,382970529,Thomas,,FOURTEENTH WARD,42.66758,-73.7992,Private room,96,1,125,2024-12-28,4.14,14,80,39,
668608486588067880,The Silk and Sun Room at Historic Jesse Buel House,382970529,Thomas,,FOURTEENTH WARD,42.66764,-73.79908,Private room,96,1,101,2024-11-11,3.36,14,82,28,
677623197606854496,**New Listing! Modern 2 bdrm Apt in Mansion Area!,203631769,Johnny,,SECOND WARD,42.64531,-73.75963,Entire home/apt,,2,28,2023-09-29,0.96,1,0,0,
681952268271889535,Albany-2 bedrooms apt (1st fl) A&A-Sisters Rental,461579260,Md,,SECOND WARD,42.646896,-73.757612,Entire home/apt,140,1,3,2024-03-31,0.13,2,5,1,
687496906843024117,Albany-3 bedrooms apt (2nd fl) A&A-Sisters Rental,461579260,Md,,SECOND WARD,42.64621,-73.75723,Entire home/apt,170,1,4,2023-05-28,0.15,2,16,0,
689719338468663432,"Elegant, spacious studio apt in historic mansion",1717342,David,,SIXTH WARD,42.654057650371506,-73.76071299629517,Entire home/apt,96,1,229,2025-01-02,7.89,2,231,91,
692807914756117019,Relax in Style by Washington Park - Free Parking,67337944,Rabia,,ELEVENTH WARD,42.6623,-73.777,Entire home/apt,125,1,103,2024-10-28,4.18,1,125,42,
703551649845095095,Cozy Albany Home,3650672,Zuhair,,THIRTEENTH WARD,42.67075,-73.79704,Entire home/apt,168,2,3,2024-08-25,0.55,1,144,3,
705660262559003663,Luxurious one bedroom with off-street parking,353498132,Michael,,SECOND WARD,42.64577,-73.7583,Entire home/apt,109,13,6,2024-11-21,0.24,6,245,3,
717373135846408345,Centrally located 2 bed w/ off street parking,232967878,Diana,,THIRTEENTH WARD,42.67261,-73.79262,Entire home/apt,142,1,56,2024-11-30,2.10,23,89,27,
723956857052424266,"Modern home, King Bed 4 bed 2bath, Crib, parking",10279606,Nori,,NINTH WARD,42.65691,-73.78389,Entire home/apt,199,1,206,2024-12-23,7.91,2,194,93,
724566770267420045,Cozy Greenwood Flat (1 BDR Apartment in Albany),360287870,Mela,,SIXTH WARD,42.6513719,-73.7673156,Entire home/apt,117,2,55,2024-12-30,3.36,1,338,38,
733964865705013296,Historic 1 bed/ 1 bath,502037254,Andrew,,SIXTH WARD,42.65035,-73.76549,Entire home/apt,68,14,1,2023-03-26,0.05,3,157,0,
735879623743921266,Modern & Homey 1BD/1BA Fl 1 Apt @ Downtown Albany,44434571,Earl,,THIRD WARD,42.64564,-73.75261,Entire home/apt,83,1,66,2024-12-29,2.48,8,349,36,
736893992132754814,Lovely private room in center square for $700/mo,77367219,Elizabeth,,SIXTH WARD,42.65643,-73.76402,Private room,60,30,3,2024-10-05,0.12,1,276,1,
737574278276037589,4 bed all on one floor,232967878,Diana,,TENTH WARD,42.66069,-73.78555,Entire home/apt,185,1,44,2024-10-27,1.68,23,63,12,
739722503092755616,Adirondack Suite #1,98744672,Bela,,NINTH WARD,42.6543178,-73.7818222,Private room,55,2,34,2024-11-24,1.27,8,302,15,
743600140734706394,Cozy apartment 2min walk to Albanymed office space,484673863,Blossom Estates,,NINTH WARD,42.65569,-73.77685,Entire home/apt,72,2,11,2024-12-31,0.45,3,359,7,
744430701454304507,"1 Bedroom on Lincoln Park, near Lark and Downtown",65414985,James,,SEVENTH WARD,42.6496,-73.76792,Entire home/apt,91,2,25,2024-12-01,1.18,2,358,16,
750748704706045644,Clean Escape- Centrally located- Self Check-In,255839958,Kira,,SEVENTH WARD,42.64284,-73.77997,Entire home/apt,131,1,17,2024-08-06,0.66,1,309,6,
751421033442627559,Modern- Cozy Center City 2 Bedroom Apartment Style,486073806,Keneisha,,FIFTH WARD,42.66648,-73.76831,Entire home/apt,114,2,26,2024-10-20,1.14,1,360,13,
752118894541630543,Cozy luxury brownstone w/ parking & yard,258664571,Vorakij,,SECOND WARD,42.64439384900326,-73.75975701534425,Entire home/apt,111,2,76,2024-12-14,3.35,2,342,44,
752337379205662422,Penthouse Brownstone w/ luxury amenities,258664571,Vorakij,,SECOND WARD,42.6444412,-73.75971410000001,Entire home/apt,111,1,76,2024-12-08,3.61,2,353,52,
756752556396798800,Private Room in the Center of the Albany,69729286,Musab,,SIXTH WARD,42.65259,-73.76732,Private room,50,5,15,2024-03-23,0.61,2,178,3,
757342235277207834,Elegant Studio in Center Square,188679144,Elizabeth,,SIXTH WARD,42.65534,-73.76461,Entire home/apt,70,7,13,2024-12-05,0.50,8,309,4,
757978037279611051,Charming location near universities & hospital,232967878,Diana,,THIRTEENTH WARD,42.67261,-73.79262,Entire home/apt,123,2,41,2024-10-28,1.81,23,82,19,
761141715827746314,"Great place in the heart of Albany, with Parking",37769478,Erion,,SIXTH WARD,42.65405,-73.76953,Entire home/apt,89,1,44,2024-09-28,1.76,11,279,24,
764508866835218670,Rest+Restore Room ‚Ä¢ Short & Extended Stay ‚Ä¢,6203319,Melissa,,TENTH WARD,42.66117,-73.79091,Private room,75,1,30,2024-11-11,1.17,3,89,22,
770934454668024322,Albany 2 Bedroom House,48328222,John,,FOURTEENTH WARD,42.6631926,-73.8153245,Entire home/apt,122,1,6,2024-12-28,2.07,1,54,6,
774701102203414342,Entire cozy unit in Albany,261036923,Hasan,,FOURTEENTH WARD,42.6601,-73.80719,Entire home/apt,80,1,54,2024-12-21,2.20,1,263,21,
775645647912379518,Casa Coquette+King Bed w/En Suite+Center Sq 2 min,115597810,Massiel,,SIXTH WARD,42.6518469,-73.7642072,Entire home/apt,130,14,47,2024-10-20,1.91,1,115,26,
784781397995494758,Private bedroom and private bath w/separate entry,491907850,Donna,,FOURTEENTH WARD,42.66298,-73.81361,Private room,60,1,15,2024-07-31,0.65,1,69,4,
786181179052991690,Center Square Gem: Junior 1 Bedroom,188679144,Elizabeth,,THIRD WARD,42.65653,-73.76223,Entire home/apt,74,1,3,2024-01-27,0.18,8,337,1,
786196811078165173,Mansion in Albany 7minutes to Downtown Albany,444163492,Drasana,,FOURTH WARD,42.67996,-73.75352,Entire home/apt,,30,13,2024-02-25,0.57,1,0,3,
786228331433922432,Glamorous 1BR Retreat in Center Square,188679144,Elizabeth,,SIXTH WARD,42.65322,-73.76249,Entire home/apt,101,7,4,2024-11-09,0.26,8,364,3,
786316043239579100,Elegant newly renovated cozy smart apartment,253824490,Tomar & Kash,,FIFTH WARD,42.6591503133547,-73.75431932508945,Entire home/apt,,2,36,2024-09-09,1.54,1,0,5,
787023821243442039,*The Allen House* Gorgeous Apartment - Sleeps 8,349460842,Scott,,FOURTEENTH WARD,42.6653,-73.7943,Entire home/apt,182,1,94,2024-12-30,4.15,17,360,51,
788301415655396660,Spacious 2 bed w/parking,232967878,Diana,,SECOND WARD,42.64409,-73.75709,Entire home/apt,150,1,63,2024-11-09,2.57,23,87,24,
794723189688979530,Updated 3/1 unit for Professionals and Families,20144241,Carla,,FIFTH WARD,42.67283,-73.77367,Entire home/apt,98,3,13,2024-12-21,0.66,1,72,7,
795541666227926706,Victorian Mansion on Washington Park,493882819,Terra,,NINTH WARD,42.656329,-73.7752048,Private room,,1,5,2024-08-18,0.29,6,0,4,
796231143904004713,Washington Park Inn 4,493882819,Terra,,NINTH WARD,42.65582,-73.77541,Private room,141,1,12,2024-12-01,0.68,6,356,7,
797455132224782470,Albany Medical/colleges/Dtwn Albany/Green ROOM O,89705052,Share,,TENTH WARD,42.65741,-73.78034,Private room,60,2,14,2024-09-30,0.59,4,109,4,
798715218269100922,Cozy 1st Floor Apartment near the NYS Museum,491607190,Nessie,,SIXTH WARD,42.65038,-73.76664,Entire home/apt,95,1,13,2024-10-28,0.56,2,10,6,
802216634798169031,Washington Park Inn 6,493882819,Terra,,SIXTH WARD,42.65751,-73.77409,Private room,137,1,6,2024-10-13,0.35,6,359,2,
803604897479679272,3br/2ba Near Alb Med & St.Petes.,21886921,David,,FOURTEENTH WARD,42.66691,-73.79338,Entire home/apt,125,14,3,2024-11-09,0.16,2,283,2,
803682039097862541,Modern and Cozy Pine Hills Home from Early 1900s,265709295,Richard & Priscela,,THIRTEENTH WARD,42.6702921,-73.7907283,Entire home/apt,164,1,8,2024-11-29,0.83,2,360,8,
803814397190632412,Washington Park Inn - Room 5,493882819,Terra,,NINTH WARD,42.656329,-73.775205,Private room,139,1,6,2024-10-11,0.34,6,355,3,
803867986023966300,Washington Park Inn 1,493882819,Terra,,NINTH WARD,42.656329,-73.775205,Private room,137,1,9,2024-10-29,0.50,6,356,5,
806767523952124375,& Modern Luxury Cottage in Central ALB,110453341,Alexis,,FIFTH WARD,42.6684126,-73.7684199,Entire home/apt,102,1,36,2024-10-20,1.53,1,249,16,
809524698302742033,Two bedroom apartment near hospitals pet friendly,172658781,Jessica,,NINTH WARD,42.65613971519499,-73.79212237894535,Entire home/apt,90,30,0,,,3,178,0,
813640070361665090,The front room w/ TV and king size bed,116935236,Fs,,THIRTEENTH WARD,42.67144,-73.79033,Private room,55,2,12,2024-08-31,0.69,4,364,2,
816085193659797849,Cozy Apartment across the Park,37769478,Erion,,SIXTH WARD,42.65258,-73.76917,Entire home/apt,71,1,31,2024-12-06,1.33,11,363,6,
821566342267452838,COMFY Room/w Private BATH + TV,177073982,Cristian,,FOURTEENTH WARD,42.66109,-73.80479,Private room,55,2,3,2023-11-30,0.13,2,183,0,
823275570359807298,Cozy Home 5 Minute Walk to Albany Medical Center,500360485,Manjano,,SIXTH WARD,42.65184,-73.77074,Entire home/apt,,7,0,,,1,0,0,
826301775871257033,2 br apt 2 min walk to albanymed offstreet parking,484673863,Blossom Estates,,NINTH WARD,42.65613,-73.77469,Entire home/apt,,1,20,2025-01-01,0.87,3,350,5,
831122937768017113,Boho-Chic Cape Conveniently Located,210596861,Craig,,FIFTEENTH WARD,42.67076,-73.82612,Entire home/apt,233,2,86,2024-12-29,3.87,1,237,43,
841524382518312215,Mellow Cove,462042479,Natasha,,SIXTH WARD,42.66008,-73.76977,Entire home/apt,120,3,6,2024-07-09,0.37,2,364,5,
841524433909352403,Cozy Cove Away From Home,462042479,Natasha,,SIXTH WARD,42.65987,-73.77025,Entire home/apt,120,3,12,2023-12-03,0.65,2,356,0,
843481456379840308,Center Square Serenity: 2-Bedroom Elegance,188679144,Elizabeth,,SIXTH WARD,42.65483,-73.76353,Entire home/apt,99,1,2,2023-09-04,0.09,8,364,0,
845960193409947556,Modern Cottage-Perfect for Families!,268741708,Antoinette,,FIRST WARD,42.63504,-73.79833,Entire home/apt,324,2,91,2024-11-10,4.18,1,89,48,
846586211673806912,Spacious Home Away from Home!,49372011,Philip,,TWELFTH WARD,42.67336,-73.78619,Entire home/apt,167,3,18,2024-08-24,0.85,2,3,7,
849460179246794510,Your luxury home away from home,1761578,Grant,,SIXTH WARD,42.65432,-73.76531,Entire home/apt,270,2,1,2024-02-18,0.09,3,267,1,
850173470105833039,Stunning Guest Suite in Historic 1874 Row House,120815848,Phat,,SECOND WARD,42.6446,-73.75885,Private room,95,1,150,2025-01-04,7.03,1,0,90,
850653820133738660,"Private queen room near Albany Med, UAlbany",20536619,Emily,,THIRTEENTH WARD,42.67177,-73.79464,Private room,65,3,13,2024-10-29,0.74,5,61,8,
857981934159027424,Updated Historic Brownstone Apt.,60293220,David,,THIRD WARD,42.65817,-73.74935,Entire home/apt,93,2,19,2024-11-11,0.96,3,314,8,
870457209918967324,Quiet Room Near Everything,177073982,Cristian,,FOURTEENTH WARD,42.66128,-73.80548,Private room,55,3,4,2024-03-02,0.26,2,188,2,
879054943124868639,Hot tub + close to everything!,24423279,Leslie,,FOURTEENTH WARD,42.66065,-73.80439,Entire home/apt,169,7,0,,,1,263,0,
880290989870286099,Spacious 3BR with 2BA & Laundry,49372011,Philip,,ELEVENTH WARD,42.67355,-73.78496,Entire home/apt,155,2,26,2024-09-02,1.29,2,160,8,
881231954286264195,Exposed Brick with Park Views,37769478,Erion,,SIXTH WARD,42.65379,-73.76901,Entire home/apt,80,1,15,2024-11-23,0.73,11,364,7,
882229561343619620,Modern / Downtown Albany 1 BR APT,512736975,Miguelino,,TENTH WARD,42.6599733,-73.7747433,Entire home/apt,66,2,58,2024-12-10,2.90,1,63,30,
887167811237271928,The Comfort II,459472925,Gabriel,,THIRD WARD,42.66246,-73.76576,Private room,40,1,25,2024-11-11,1.29,2,338,12,
887179061681202083,The Comfort,459472925,Gabriel,,THIRD WARD,42.6628771,-73.76534029999999,Private room,40,1,29,2024-11-15,1.45,2,341,18,
888859204851381094,Walk to Downtown Albany: Ten Broeck Triangle Apt!,121680792,Evolve,,THIRD WARD,42.65822,-73.75132,Entire home/apt,106,2,13,2024-11-03,0.65,6,347,10,
898743867240851780,"Airy 5Br-2Ba,Kids Rm, 6TVs,Pvt Fence-yard&Parking!",516414095,Rashawn,,TENTH WARD,42.66087,-73.78655,Entire home/apt,199,2,48,2024-12-28,2.54,1,85,20,
902166216060824525,2 bdrm Modern & Hip Apt w/ Patio,47625981,Linda,,SEVENTH WARD,42.64787,-73.76707,Entire home/apt,155,1,47,2024-11-10,2.49,18,363,26,
902326803627859755,"""The LEO Home"" Private Bedroom 4",349460842,Scott,,TENTH WARD,42.66174,-73.78325,Private room,63,30,0,,,17,277,0,
904392960639597224,/Luxury Modern Western Hideout\,4259750,Peter,,THIRTEENTH WARD,42.6652959,-73.7868778,Entire home/apt,153,1,18,2024-12-08,0.94,8,116,11,
905007131419044966,*The Red House* 4 Bedrooms‚Ä¢Beautifully Renovated,349460842,Scott,,TENTH WARD,42.66217,-73.78299,Entire home/apt,232,1,57,2024-12-28,3.15,17,279,39,
910155617642317638,Exclusive | Suite ~ Extended Stay,6203319,Melissa,,TENTH WARD,42.66292,-73.7909,Private room,,1,1,2023-07-26,0.06,3,0,0,
917510613914219375,"R&R | Hospitals, Colleges + Politics",6203319,Melissa,,TENTH WARD,42.66261,-73.79158,Private room,,1,10,2024-09-29,0.55,3,0,3,
917639722733180899,Everything you need! Modern Gem on New Scotland,471810429,Maria,,SEVENTH WARD,42.65194,-73.78593,Entire home/apt,,2,121,2024-12-17,6.45,2,351,51,
919055506310955442,Room for rent,502751555,Grace,,FIFTH WARD,42.67292,-73.7776,Private room,93,1,0,,,1,364,0,
921076441920995839,Work hard! Play hard!,521669673,Kody,,THIRD WARD,42.6586,-73.75743,Entire home/apt,80,14,3,2024-12-21,0.17,4,268,1,
928948908785846870,Newly Renovated Gem in Melrose - Pet Friendly,441054845,Thaddeus,,THIRTEENTH WARD,42.67066,-73.79571,Entire home/apt,62,1,55,2025-01-01,3.13,2,235,43,
932618854176539492,Cozy space all on 1 floor close to U Albany,232967878,Diana,,THIRTEENTH WARD,42.67261,-73.79264,Entire home/apt,145,1,40,2024-12-01,2.22,23,89,35,
932642358896439621,Stylish top floor apt w/parking,232967878,Diana,,THIRTEENTH WARD,42.67224,-73.79301,Entire home/apt,125,1,36,2024-11-29,2.03,23,89,26,
934035097653060273,Washington Park Inn 7,493882819,Terra,,SIXTH WARD,42.65655,-73.77434,Private room,,1,8,2024-10-06,0.45,6,0,5,
937837897631191844,Hudson 2 at The Argus Hotel,526358730,Argus,,SIXTH WARD,42.65867,-73.77479,Private room,195,1,2,2023-12-31,0.12,12,126,0,
937838302933205871,Hudson 1 at The Argus Hotel,526358730,Argus,,ELEVENTH WARD,42.6606,-73.77284,Private room,166,1,7,2024-10-16,0.46,12,136,3,
937871330299571029,Everything you need! Modern Gem on New Scotland,471810429,Maria,,SEVENTH WARD,42.65184,-73.78582,Entire home/apt,170,2,68,2024-12-21,3.95,2,0,13,
937917144482762419,Hudson 3 ADA at The Argus Hotel,526358730,Argus,,TENTH WARD,42.65908,-73.77456,Private room,166,1,6,2024-10-14,0.35,12,141,2,
937927979762952955,Hudson 4 at The Argus Hotel,526358730,Argus,,TENTH WARD,42.66043,-73.77432,Private room,166,1,2,2024-10-12,0.48,12,126,2,
937935210290408974,Hudson 5 at The Argus Hotel,526358730,Argus,,SIXTH WARD,42.65847,-73.77272,Private room,166,1,4,2024-10-28,0.27,12,128,3,
937943638262956751,Whalen 1 Suite at The Argus Hotel,526358730,Argus,,SIXTH WARD,42.65908,-73.77326,Private room,,1,2,2024-10-06,0.16,12,128,1,
937959604296602771,Whalen 2 Deluxe at The Argus Hotel,526358730,Argus,,TENTH WARD,42.66003,-73.7732,Private room,,1,0,,,12,132,0,
937966967490420635,Whalen 3 at The Argus Hotel,526358730,Argus,,SIXTH WARD,42.65857,-73.7744,Private room,,1,0,,,12,137,0,
938260134617291567,Whalen 4 at The Argus Hotel,526358730,Argus,,SIXTH WARD,42.65893,-73.77448,Private room,180,1,0,,,12,136,0,
938266199766701429,Knickerbocker 1 The Argus Hotel,526358730,Argus,,TENTH WARD,42.66037,-73.77327,Private room,180,1,0,,,12,138,0,
938271786418327576,Knickerbocker 3 The Argus Hotel,526358730,Argus,,SIXTH WARD,42.65868,-73.77333,Private room,,1,0,,,12,142,0,
938280419686165005,Carriage House The Argus Hotel,526358730,Argus,,TENTH WARD,42.66036,-73.7729,Entire home/apt,338,1,15,2024-12-08,0.87,12,118,11,
938421117122010799,"The backroom with TV, Queen bed and extra futon",116935236,Fs,,ELEVENTH WARD,42.6708367,-73.7853116,Private room,55,2,23,2024-12-17,1.30,4,280,15,
938431811499141903,The little room with TV and twin bed,116935236,Fs,,THIRTEENTH WARD,42.66974,-73.78611,Private room,40,2,27,2025-01-02,1.52,4,364,24,
938475906652462790,Colorful and eclectic apartment,132766782,Kelly,,TWELFTH WARD,42.67398,-73.79126,Entire home/apt,125,3,8,2024-11-30,0.92,1,268,8,
940012438497375577,Sunny King bed w private luxurious bath & garden,172539578,David Yisrael,,FIFTEENTH WARD,42.68001107488553,-73.81705995884008,Private room,51,3,5,2024-12-07,0.30,4,25,3,
942750363293463100,The spacious room w/ dresser/desk,116935236,Fs,,ELEVENTH WARD,42.67034,-73.7851,Private room,55,2,17,2024-12-31,1.42,4,259,17,
950211425725610511,"Historic, Spacious Mansion Suite",1717342,David,,SIXTH WARD,42.6541815,-73.76086049999999,Entire home/apt,,1,138,2024-12-15,8.18,2,231,98,
950613505102507073,A beautiful cozy home,529844022,Shirin,,FIRST WARD,42.63855,-73.76927,Entire home/apt,,1,0,,,1,0,0,
957914480227791276,"2 bedroom+home office, private parking & backyard",217254883,Ermenita,,NINTH WARD,42.6549886,-73.79390939999999,Entire home/apt,139,1,99,2024-12-09,5.87,1,351,72,
958199983873241221,Oasis Garden Apt w/Queen Bed,172539578,David Yisrael,,FIFTEENTH WARD,42.678962799458816,-73.81724461913109,Entire home/apt,129,3,19,2024-12-17,1.39,4,161,18,
963920695464462572,Comfy studio in heart of Albany,189586864,Justin,,SIXTH WARD,42.65241,-73.77002,Entire home/apt,89,1,73,2024-12-29,4.42,1,361,65,
969886763377526954,1st Floor Room at Historic Abba House Retreat,382970529,Thomas,,FOURTEENTH WARD,42.66877,-73.79927,Private room,70,1,84,2024-12-29,5.83,14,249,82,
980034348801186320,Chic Madison Parkview,241123402,JShing,,SIXTH WARD,42.65312775001394,-73.76950465142727,Entire home/apt,107,1,21,2024-11-13,1.40,1,323,17,
983306819910081094,The House That Pat Built,114183978,Tyrell,,FIFTH WARD,42.66628,-73.76512,Entire home/apt,120,2,4,2024-04-18,0.27,1,62,3,
989010058281318863,Modern 1BR in a great location,75667477,Ahmad,,THIRD WARD,42.65515515851637,-73.76052582647431,Entire home/apt,85,30,5,2024-10-01,0.33,1,225,3,
989897095065962672,Minutes from hospitals and Universities,109133858,Priscilla,,THIRTEENTH WARD,42.6716,-73.79799,Entire home/apt,218,1,2,2024-11-29,0.19,1,269,2,
992119832780871644,Two bedroom close to colleges!,152762198,Allen,,FOURTEENTH WARD,42.67098,-73.80695,Entire home/apt,,3,15,2024-10-28,0.98,9,0,11,
993431459821117738,Albany 3 Bedroom Apt. Sleeps 6,309980121,Ron,,SIXTH WARD,42.65623,-73.7641152,Entire home/apt,,14,12,2024-02-29,0.80,1,0,7,
999161887055542119,"Spacious Apartment Downtown Albany, NY",531209536,Amar,,THIRD WARD,42.65762,-73.75116,Entire home/apt,140,2,32,2024-12-29,2.15,1,164,27,
1004978540001566331,Elegant Albany Retreat | Mins to D/T & UAlbany,31318080,Cindy,,EIGHTH WARD,42.6555,-73.81066,Entire home/apt,164,2,40,2024-12-23,3.70,1,146,40,
1005978346817864540,Massive 4BD/3BA 2-Fl Townhouse Apt Downtown Albany,44434571,Earl,,SECOND WARD,42.64534889999999,-73.75364650000002,Entire home/apt,187,1,45,2025-01-01,3.10,8,323,39,
1007354086435981132,Top floor w/off street parking,232967878,Diana,,TENTH WARD,42.66091,-73.78453,Entire home/apt,189,1,33,2024-11-29,2.31,23,89,26,
1010759793485911351,Cozy Room w/ Walk-In Closet in Historic Home,382970529,Thomas,,THIRTEENTH WARD,42.67003,-73.79771,Private room,52,1,50,2024-12-24,3.49,14,252,39,
1010759799610182054,Cozy Room w/ Walk-In Closet in Historic Home,382970529,Thomas,,THIRTEENTH WARD,42.66971,-73.79755,Private room,56,1,52,2024-12-20,3.64,14,251,40,
1013659440189111738,Cozy 2nd Floor Room in Historic Manor Retreat,382970529,Thomas,,FOURTEENTH WARD,42.66873,-73.7993,Private room,65,1,19,2024-12-24,1.33,14,90,9,
1014739415604882278,Newly Renovated Modern Look Historical Building,51050977,Manny,,NINTH WARD,42.6572643,-73.7769051,Entire home/apt,77,3,1,2024-06-29,0.16,1,18,1,
1015385216942267174,Á∫ΩÁ∫¶Â∑ûÈ¶ñÂ∫úÁöÑÊ∏©È¶®Â∞èÂ±ã,182509542,Yan,,NINTH WARD,42.6558992,-73.7965699,Private room,24,1,0,,,1,84,0,
1016050146219474145,Heart of Albany - Downtown Near Everything,42708277,Rodney,,SIXTH WARD,42.65539,-73.76416,Entire home/apt,84,1,30,2024-12-04,2.10,6,171,27,
1018299533220989494,Comfy Room in Spacious Historic Manor Retreat,382970529,Thomas,,THIRTEENTH WARD,42.66996,-73.79816,Private room,68,1,74,2024-12-29,5.27,14,265,67,
1018972187574908115,1 Comfy Bedroom Across the Park,37769478,Erion,,SIXTH WARD,42.6535,-73.77046,Entire home/apt,65,1,54,2024-11-21,3.91,11,359,48,
1020518500251473070,Downtown Studio,233515764,Etem,,SECOND WARD,42.64714,-73.75466,Entire home/apt,77,1,113,2024-12-31,8.56,4,64,110,
1020993107237604444,*Beautiful* Spacious Prime DT 1 Bedroom Apt w GYM,47625981,Linda,,THIRD WARD,42.6586,-73.76421,Entire home/apt,119,1,16,2024-11-29,1.18,18,262,15,
1021011347006185640,*Spacious* Modern 1 Bedroom RARE Apt w GYM,47625981,Linda,,THIRD WARD,42.65971,-73.76382,Entire home/apt,119,1,26,2024-11-29,1.95,18,269,23,
1023053182224590019,Great home in Albany,496990578,Brian,,ELEVENTH WARD,42.66838,-73.77868,Entire home/apt,129,2,67,2024-12-14,5.03,1,87,64,
1034722814589239236,"*Huge, bright, private 2Bedroom*",130404008,Michael,,THIRD WARD,42.65711,-73.75133,Entire home/apt,92,14,2,2024-09-01,0.38,1,62,2,
1040624808363695229,Safe - Sweet -Serene - Long Term,42708277,Rodney,,SIXTH WARD,42.65447,-73.76078,Entire home/apt,90,1,39,2024-12-17,3.15,6,125,38,
1043565517982254841,2 bed room Apartment,212885959,Osas,,SECOND WARD,42.63976,-73.75705,Entire home/apt,110,1,18,2024-10-28,1.64,1,215,18,
1046458066266475264,Spacious & Comfortable Bedroom,192312997,Natasha,,ELEVENTH WARD,42.67169,-73.78828,Private room,85,1,7,2024-10-28,0.96,1,261,7,
1051544181986274174,Renovated Cozy 1920‚Äôs Apartment,31994990,Gonca,,SEVENTH WARD,42.64478,-73.7764,Entire home/apt,53,28,1,2024-09-30,0.31,2,236,1,
1052381112116173923,Charming Bungalow in Albany!,52464523,Dashima,,FIRST WARD,42.64081,-73.77463,Entire home/apt,120,30,7,2025-01-01,0.57,1,365,6,
1056068682616336229,two private bedrooms near hospitals & schools,20536619,Emily,,THIRTEENTH WARD,42.6714,-73.79431,Private room,118,4,1,2024-08-22,0.22,5,61,1,
1056469473906808728,"Bonjour, Bienvenue A Chez Pierre",553112010,Linda,,TWELFTH WARD,42.7149,-73.87649,Private room,103,2,1,2024-10-26,0.42,1,268,1,
1061814091773376272,Massive 5BD/4BA 3-Story Duplex @ Downtown Albany,44434571,Earl,,SECOND WARD,42.64418,-73.75316,Entire home/apt,325,1,13,2024-11-30,1.23,8,207,13,
1062527013885315764,"private twin room near hospitals, schools",20536619,Emily,,THIRTEENTH WARD,42.67096,-73.79514,Private room,61,4,10,2024-10-27,0.88,5,76,10,
1072781767409521866,The Bluebird‚Äôs Nest,426223840,Antonio,,ELEVENTH WARD,42.663915656143736,-73.77786945551634,Entire home/apt,91,1,33,2024-08-25,2.94,1,268,33,
1073179963201889958,In the heart of Albany,31994990,Gonca,,SEVENTH WARD,42.64473,-73.77641,Entire home/apt,53,20,2,2024-09-02,0.39,2,15,2,
1075444056381274297,The Tangerine Door,542733174,Rebecca,,TWELFTH WARD,42.67908,-73.79505,Entire home/apt,165,2,19,2024-12-26,1.69,1,243,19,
1079742757364810916,Lark St Oasis: Parking & Laundry,119340359,Lori,,SIXTH WARD,42.65607,-73.76345,Entire home/apt,122,30,6,2024-03-10,0.56,2,41,6,
1090781013234004527,Newly renovated cozy apartment !,521669673,Kody,,THIRD WARD,42.65975,-73.76311,Entire home/apt,68,14,1,2024-11-24,0.70,4,268,1,
1090800410444414860,Work hard and relax !,521669673,Kody,,THIRD WARD,42.65874,-73.76302,Entire home/apt,68,14,0,,,4,268,0,
1091422934956081673,2 bed with parking off Madison,232967878,Diana,,TENTH WARD,42.65988,-73.78486,Entire home/apt,160,2,15,2024-10-28,1.57,23,89,15,
1091500387329731524,Triplex oasis w:parking near MVP,232967878,Diana,,SECOND WARD,42.64409,-73.75709,Entire home/apt,89,2,45,2024-12-18,4.33,23,82,45,
1097201673425863720,Cozy 1-Bedroom Apt in Albany (Entire Apartment),360806709,Gloria,,SEVENTH WARD,42.64149,-73.77925,Entire home/apt,82,1,35,2024-12-31,6.82,1,73,35,
1097995825442731795,New Center square studio,232967878,Diana,,SIXTH WARD,42.65269,-73.76567,Entire home/apt,93,2,33,2024-11-30,3.28,23,84,33,
1100876731732967826,"Homey, Quiet 2BR W/ Washer Dryer",152762198,Allen,,FOURTEENTH WARD,42.67008,-73.80691,Entire home/apt,99,3,24,2024-12-23,2.70,9,155,24,
1102984130027939637,Lovely 1 bedroom across the Park,37769478,Erion,,SIXTH WARD,42.65289,-73.76834,Entire home/apt,71,1,38,2024-11-08,3.77,11,364,38,
1105303461851883481,Downtown Brownstone with a View!,14817455,Matt,,THIRD WARD,42.65749,-73.75263,Entire home/apt,140,7,0,,,1,231,0,
1108060100336766656,downtown,539608284,Joyhefsiba,,THIRD WARD,42.66141,-73.76361,Private room,31,30,0,,,1,364,0,
1111221935683053416,Historical Pastures,418250661,Stephanie,,THIRD WARD,42.6564469,-73.7507251,Entire home/apt,116,3,7,2024-10-01,0.73,1,333,7,
1119691401020641385,Serene 1BR Escape: Walk to Eateries & Parks in ALB,472965048,Matt,,SIXTH WARD,42.65348,-73.7637,Entire home/apt,88,1,7,2024-10-27,0.77,2,175,7,
1119844407084108907,1 bed 1 bath Apartment,477328400,Tyler,,SEVENTH WARD,42.64885,-73.76523,Entire home/apt,100,1,38,2024-11-24,4.62,1,17,38,
1120212616553191970,"Walkable 1BR Apt w| Fire Pit, Near Empire Plaza!",472965048,Matt,,SIXTH WARD,42.65194,-73.76526,Entire home/apt,88,1,21,2024-12-08,2.24,2,175,21,
1121699903906738345,Cozy apartment in Albany,1761578,Grant,,SIXTH WARD,42.65314,-73.76546,Entire home/apt,100,2,5,2024-10-28,0.55,3,269,5,
1123231471304541808,"Modern townhouse 2 Bedrooms, King Bed, parking",10279606,Nori,,FIFTEENTH WARD,42.66901,-73.82402,Entire home/apt,115,1,35,2024-12-26,3.99,2,237,35,
1124558577325015506,Charming 1BR Near Capitol-Dwntwn,46312980,Robert,,SECOND WARD,42.646032,-73.760482,Entire home/apt,85,3,2,2024-08-17,0.28,2,213,2,
1124632058968031818,Modern Duplex - Historical Home,46312980,Robert,,SECOND WARD,42.646032,-73.760482,Entire home/apt,110,3,4,2024-08-24,0.45,2,215,4,
1128332989288304495,Downtown Albany Vacation Rental - Chic & Walkable!,121680792,Evolve,,THIRD WARD,42.65694,-73.75449,Entire home/apt,106,2,3,2024-07-28,0.43,6,63,3,
1128386510439836615,Welcome home travelers,502037254,Andrew,,SEVENTH WARD,42.64893,-73.76886,Entire home/apt,75,25,2,2024-08-03,0.31,3,183,2,
1131258472427093335,"Modern 2 BR near MVP Arena, Colleges, Airport",440509865,John,,FIFTEENTH WARD,42.674853495878494,-73.81692445092622,Entire home/apt,180,1,24,2024-12-15,4.83,1,333,24,
1134940445251354534,Calling all travelers,521669673,Kody,,THIRD WARD,42.65909,-73.75691,Entire home/apt,70,14,1,2024-05-03,0.12,4,268,1,
1135812630237897119,Cozy Bedrooms in Albany,522436003,Adriana,,THIRTEENTH WARD,42.6689614,-73.7890379,Private room,40,28,0,,,3,269,0,
1136433500940918827,"""The LEO Home"" Private Bedroom 1",349460842,Scott,,THIRTEENTH WARD,42.66368,-73.78128,Private room,56,30,0,,,17,182,0,
1141525488442370659,North Allen,522436003,Adriana,,THIRTEENTH WARD,42.6689614,-73.7890379,Private room,,28,0,,,3,243,0,
1142828940864329671,Safe Comfy Cozy 2 bedrooms.,574235481,Lavern,,FIRST WARD,42.64094,-73.7767,Entire home/apt,,2,4,2024-07-06,0.49,1,0,4,
1142832011692120213,Great area-Patio-Off Street Parking-Quiet,129023424,Riccardo,,THIRTEENTH WARD,42.67105,-73.7995,Entire home/apt,119,7,5,2024-09-29,0.67,1,267,5,
1146241260871564965,Larson Green,233515764,Etem,,SIXTH WARD,42.6524924,-73.7674361,Entire home/apt,,1,37,2024-12-26,4.55,4,86,37,
1146352622413555849,491 Washington Ave FL1Rare,575030103,Rehan,,ELEVENTH WARD,42.66259,-73.7733,Private room,55,2,14,2024-11-30,1.74,2,250,14,
1147092019793504034,Larson Blue,233515764,Etem,,SIXTH WARD,42.65274,-73.76779,Entire home/apt,90,1,46,2024-11-01,5.56,4,89,46,
1150611568915810847,Albany historic Washington Park,576083630,Joseph,,SIXTH WARD,42.6586049,-73.76803290000001,Entire home/apt,124,2,9,2024-10-28,1.14,1,89,9,
1158059552251999833,"""The Albany Allen Home"" Private Bedroom 1",349460842,Scott,,TENTH WARD,42.66428,-73.79249,Private room,56,30,2,2024-11-29,0.47,17,269,2,
1158239701426064904,Funky loft studio,502037254,Andrew,,THIRD WARD,42.65845,-73.75926,Entire home/apt,98,30,0,,,3,258,0,
1164651175585600815,*Private Entrance* Cozy Apt Bright + Modern W/D,47625981,Linda,,SEVENTH WARD,42.64727,-73.76758,Entire home/apt,119,1,10,2024-11-16,1.58,18,342,10,
1169514128026903528,/A luxuryhome Near NYSCapital sleeps 10+W/D Grill\,580892646,Crystal,,SECOND WARD,42.64444,-73.75686,Entire home/apt,399,2,8,2024-12-29,1.40,3,163,8,
1170384250566304506,/An Oasis 8 ppl Yard Grill W/D\,580892646,Crystal,,SECOND WARD,42.64349,-73.75906,Entire home/apt,301,2,2,2024-07-31,0.32,3,160,2,
1171795874799450911,Walk to convention center:Lark St:Capital,232967878,Diana,,SIXTH WARD,42.65314,-73.7653,Entire home/apt,150,1,24,2024-12-14,3.41,23,75,24,
1171885189346375850,/A spacious suite: King/Queen beds Grill WD yard\,580892646,Crystal,,SECOND WARD,42.64462,-73.75764,Private room,200,2,0,,,3,167,0,
1173390858101803102,New near major medical facility,232967878,Diana,,SEVENTH WARD,42.64442,-73.77938,Entire home/apt,250,2,13,2024-12-19,2.29,23,37,13,
1174544643387116469,"Spacious, Modern Gem in Melrose - Pet Friendly",441054845,Thaddeus,,THIRTEENTH WARD,42.66894,-73.79549,Entire home/apt,107,1,40,2024-12-27,5.88,2,238,40,
1175235317794137317,Furnished 4 bed vintage home,20536619,Emily,,THIRTEENTH WARD,42.67276,-73.79332,Entire home/apt,,20,0,,,5,0,0,
1182574461437954732,Limited Time Listing,42708277,Rodney,,SIXTH WARD,42.6534205,-73.7639758,Entire home/apt,96,1,16,2024-11-03,2.45,6,87,16,
1183457852972127594,Upscale Listing-Heart of Albany,42708277,Rodney,,SIXTH WARD,42.65227,-73.7646,Entire home/apt,102,1,12,2024-10-14,2.08,6,85,12,
1183460523409924571,Upscale Listing Prime Location,42708277,Rodney,,SIXTH WARD,42.6524,-73.76351,Entire home/apt,96,1,5,2024-12-01,0.78,6,59,5,
1184656403266667138,NEW studio w/2 beds near MVP,232967878,Diana,,SECOND WARD,42.64409,-73.75709,Entire home/apt,145,1,12,2024-11-16,1.88,23,89,12,
1185537980724624711,Empire Plaza Apartment,29483818,Ben,,SIXTH WARD,42.65327,-73.76181,Entire home/apt,80,1,71,2025-01-03,11.27,1,83,71,
1185591493744586895,"""The Albany Allen Home"" Private Bedroom 3",349460842,Scott,,FOURTEENTH WARD,42.66612,-73.79275,Private room,70,30,0,,,17,269,0,
1187591175698501325,House near major medical center,232967878,Diana,,NINTH WARD,42.65502,-73.79183,Entire home/apt,250,1,16,2024-12-21,2.61,23,0,16,
1189245100874558445,Beautiful 2 Bedroom with Parking,37769478,Erion,,SIXTH WARD,42.65333,-73.7711,Entire home/apt,110,1,13,2024-12-14,3.55,11,349,13,
1189249179392132534,Lovely 1 Bedroom with Parking,37769478,Erion,,TENTH WARD,42.66215,-73.79048,Entire home/apt,80,1,19,2024-12-17,3.24,11,362,19,
1191466513839284968,Shanawaz family home,478739541,Shanawaz,,EIGHTH WARD,42.65777,-73.8177,Private room,90,1,2,2024-07-19,0.34,1,364,2,
1196459023545165129,Albany Vacation Rental w/ State Capitol Views!,121680792,Evolve,,SIXTH WARD,42.65521,-73.76497,Entire home/apt,215,5,0,,,6,317,0,
1198592120169206200,"""The LEO Home"" Private Bedroom 2",349460842,Scott,,TENTH WARD,42.66269,-73.78163,Private room,56,30,0,,,17,182,0,
1201525324551556925,Traveling Medical Professionals,413566290,Victoria,,NINTH WARD,42.65506735928797,-73.79768460988998,Private room,,2,4,2024-09-01,0.71,1,0,4,
1208695175897245796,"""The Albany Allen Home"" Private Bedroom 5",349460842,Scott,,TENTH WARD,42.6639,-73.7927,Private room,36,30,0,,,17,309,0,
1209313814437527365,"private queen room near AMC, UAlbany",20536619,Emily,,THIRTEENTH WARD,42.67318,-73.79345,Private room,65,5,2,2024-10-27,0.67,5,88,2,
1210875317904799284,Charming Home,147780154,Julia,,EIGHTH WARD,42.65812,-73.81912,Entire home/apt,199,3,0,,,1,358,0,
1223296094447723679,Cozy Remote Workplace,42708277,Rodney,,TENTH WARD,42.66119,-73.77536,Entire home/apt,87,1,9,2024-11-11,2.13,6,84,9,
1223845635352908531,"493 Washington Ave, Albany 12206, 1st Floor",575030103,Rehan,,ELEVENTH WARD,42.66332540000001,-73.77422550000001,Entire home/apt,110,3,3,2024-10-28,1.07,2,361,3,
1223982811498688622,"Apartment w/ Deck in Albany, Walk to Downtown!",121680792,Evolve,,SIXTH WARD,42.65679,-73.76334,Entire home/apt,96,2,12,2024-11-24,2.61,6,355,12,
1224184445857718550,White Cozy Room,522436003,Adriana,,THIRTEENTH WARD,42.66859,-73.78832,Private room,55,28,1,2024-10-04,0.32,3,278,1,
1229287611382413342,The Crimson Retreat,562084689,Antonio,,TENTH WARD,42.66095,-73.77813,Entire home/apt,105,1,10,2024-11-28,2.65,3,364,10,
1229302903741056027,It's Like a Treehouse,562084689,Antonio,,TENTH WARD,42.66104,-73.77971,Entire home/apt,99,1,8,2024-11-10,1.83,3,361,8,
1229336497403850446,Indigo Bunting Nest,562084689,Antonio,,ELEVENTH WARD,42.66319,-73.77897,Entire home/apt,113,1,15,2024-12-21,3.41,3,352,15,
1230257693323535013,Chic Garden Apt Center Square | King Bed & Laundry,106288454,Luanne,,SIXTH WARD,42.65507161089614,-73.76475094677727,Entire home/apt,118,1,8,2024-12-27,8,1,232,8,
1233366548908684664,Larson Gold,233515764,Etem,,SIXTH WARD,42.65173,-73.76786,Entire home/apt,87,1,26,2024-12-28,6.55,4,76,26,
1234376912864523021,Spacious Garden Apt in Center Square,564967431,Stephanie,,SIXTH WARD,42.65046806904435,-73.7643479581064,Entire home/apt,86,2,2,2024-10-28,0.76,2,194,2,
1237963668912797614,Tasteful‚Ä¶in more ways than one!,382970529,Thomas,,SIXTH WARD,42.655070571714035,-73.76151133328676,Entire home/apt,125,1,13,2024-12-29,3.64,14,172,13,
1240621479377945523,peaceful 6 underground,412416973,Virginia,,SECOND WARD,42.64567,-73.75883,Private room,71,1,2,2024-12-23,0.86,1,349,2,
1242227342075722524,Nice room in downtown albany,594734396,Abdelrahman,,SECOND WARD,42.6425,-73.75889,Private room,50,1,12,2024-12-21,3.60,1,357,12,
1244501223498311841,The Ladies Playground,512321530,Rashiek,,THIRD WARD,42.66144811220143,-73.76761513155765,Entire home/apt,88,1,0,,,1,364,0,
1246452851774715158,Room close to AMC and St peter,652223872,Umit,,TENTH WARD,42.65941683202992,-73.78360267728567,Private room,59,3,3,2024-12-14,1.05,1,316,3,
1252203595666312568,"""The Albany Allen Home"" Private Bedroom 4",349460842,Scott,,TENTH WARD,42.665179051217486,-73.79260147965597,Private room,56,30,0,,,17,364,0,
1252255960109808438,The Old Lawmaker's Building.,172861174,Vibha,,THIRD WARD,42.6551298,-73.75842949999999,Private room,107,1,3,2024-10-28,1.05,1,364,3,
1252258297385952172,staycation CAP region,38324986,Gregory,,EIGHTH WARD,42.64548739100758,-73.7896032151887,Entire home/apt,216,3,0,,,1,364,0,
1252301211909514289,"""The Albany Allen Home"" Private Bedroom 2",349460842,Scott,,TENTH WARD,42.66555578069533,-73.79269774597833,Private room,56,30,1,2024-11-27,0.75,17,336,1,
1256391301639690602,Lovely 1 bedroom across the park,37769478,Erion,,SIXTH WARD,42.65422976833157,-73.76982577313373,Entire home/apt,71,1,4,2024-10-26,1.28,11,364,4,
1256498995571429533,"""The LEO Home"" Private Bedroom 3",349460842,Scott,,TENTH WARD,42.66226,-73.78221,Private room,56,30,0,,,17,124,0,
1258922176307142144,Cozy Boho 1BR Near Albany Med & St Peter Hospitals,18490980,Jeremy,,SIXTH WARD,42.65337803678852,-73.7728707580915,Entire home/apt,84,2,6,2024-12-30,2.07,2,179,6,
1259604917138801047,Cozy & Convenient Studio at Washington Park Albany,18490980,Jeremy,,SIXTH WARD,42.65584,-73.76565,Entire home/apt,69,28,2,2024-11-03,0.71,2,179,2,
1264531987910224088,"*Serene* Parkside 2BR Apt: Private Entrance, W/D",47625981,Linda,,SEVENTH WARD,42.64762856666501,-73.76751684061892,Entire home/apt,145,1,8,2024-12-20,2.82,18,345,8,
1265342374507338537,Stylish studio - downtown Albany,564967431,Stephanie,,SIXTH WARD,42.65004675077063,-73.76402178164355,Entire home/apt,80,1,4,2024-12-21,1.69,2,357,4,
1266676779473584420,Row house on the park,1017349,Chris,,SIXTH WARD,42.65319027333566,-73.76970599961155,Private room,75,1,1,2024-10-26,0.42,1,83,1,
1268205616603776750,Central Location 1 Bed 1 Bath With Parking,270608641,Enkelejda,,SIXTH WARD,42.65137969505171,-73.76947069212083,Entire home/apt,,1,6,2024-12-23,2.77,1,0,6,
1273861365984558378,Short term across from UAlbany,658588120,Melinda,,TWELFTH WARD,42.686850591818136,-73.81405551801146,Entire home/apt,60,28,0,,,1,325,0,
1273958657689116365,3 Bedroom Cozy Ranch,57127782,Deanna,,FIFTEENTH WARD,42.673155,-73.8203654,Entire home/apt,171,1,13,2024-12-26,5.65,1,323,13,
1277527400878120655,"Historic Charm, Trendy Vibes, Centrally Located",382970529,Thomas,,SIXTH WARD,42.654727,-73.7617826,Entire home/apt,184,1,0,,,14,359,0,
1277717926531215616,Large Center Sq Luxury Retreat.,65760,Anthony,,SIXTH WARD,42.6497616,-73.7645287,Entire home/apt,128,7,0,,,1,268,0,
1278217185429354676,Historic Center Square/ King Suite and Good Eats,382970529,Thomas,,SIXTH WARD,42.6555938898485,-73.76228544172685,Private room,95,1,2,2024-11-15,1.03,14,86,2,
1279781671588026640,Spacious & Quiet Townhouse.,528617680,Paola,,SECOND WARD,42.6453112779392,-73.75793399720892,Private room,75,1,4,2024-12-31,1.88,1,362,4,
1279846646046615122,Cozy room in the heart of Albany,32379616,Fabiola,,THIRD WARD,42.664093,-73.7679519,Private room,35,28,0,,,1,358,0,
1281427034934747277,Basement Apt Near Washington Park & SUNY Downtown,491607190,Nessie,,SIXTH WARD,42.658761307012696,-73.76808434926743,Entire home/apt,95,1,0,,,2,10,0,
1283447154504886081,"Historic Charm, King Bed, Chill Vibes n' Good Eats",382970529,Thomas,,SIXTH WARD,42.65364,-73.76217,Private room,95,1,2,2024-11-16,1.15,14,86,2,
1288603783171108127,Washington Lofts 109 Spacious 1 Bedroom 1 Bath,358619880,Properties By Preston,,THIRD WARD,42.65769853839876,-73.76265861973056,Entire home/apt,54,31,0,,,5,354,0,
1288603840617378795,Washington Lofts 303 Spacious 1 Bedroom 1 Bath,358619880,Properties By Preston,,THIRD WARD,42.657972465126825,-73.76464632915632,Entire home/apt,59,31,0,,,5,119,0,
1288603902798375521,Washington Lofts 304 Spacious 1 Bedroom 1 Bath,358619880,Properties By Preston,,THIRD WARD,42.65735001723258,-73.76321831042932,Entire home/apt,64,31,2,2024-12-07,1.67,5,338,2,
1288604046621507922,Washington Lofts 109 Spacious 1 Bedroom 1 Bath,358619880,Properties By Preston,,THIRD WARD,42.65537054523247,-73.76089577263407,Entire home/apt,59,31,1,2024-12-01,0.83,5,229,1,
1288604092723663347,Washington Lofts 310 Spacious 1 Bedroom 1 Bath,358619880,Properties By Preston,,SIXTH WARD,42.65678,-73.76367,Entire home/apt,57,31,0,,,5,98,0,
1289084606313003203,"1 bedroom apt close to hospitals,3min to Albanymed",484673863,Blossom Estates,,TENTH WARD,42.65701240741075,-73.78116252001512,Entire home/apt,67,1,10,2025-01-04,6.12,3,0,10,
1291321613053647042,The Belvedere,571617730,Zinte,,SECOND WARD,42.6445746,-73.7566836,Entire home/apt,300,1,0,,,1,364,0,
1292881870228693830,‚ÄòThe Blue Home‚Äô Private Bedroom 3 / 1 Full Bath,349460842,Scott,,TENTH WARD,42.66229705990609,-73.78175574496683,Private room,70,30,0,,,17,200,0,
1294330125585979004,Modern Luxury 2 bedroom w/yard,353498132,Michael,,EIGHTH WARD,42.64592834063253,-73.79876141165387,Entire home/apt,99,13,0,,,6,191,0,
1295804289767410494,'The Blue Home' Private Bedroom 1 / 1 Full Bath,349460842,Scott,,THIRTEENTH WARD,42.66345629680885,-73.7818281544101,Private room,70,30,0,,,17,174,0,
1296651761769034648,Room in Albany,663670719,Elhadj,,THIRTEENTH WARD,42.664345438141105,-73.77874573138119,Private room,45,1,0,,,3,327,0,
1296756366433115082,"Room In Albany, NY",663670719,Elhadj,,ELEVENTH WARD,42.66294970341223,-73.7789027115689,Private room,45,1,12,2025-01-02,10.00,3,355,12,
1298067362380112500,Fresh & Modernized 2BR Fl 1 Apt @ Downtown Albany,44434571,Earl,,SECOND WARD,42.64441207268658,-73.7522667363394,Entire home/apt,97,1,1,2025-01-01,1,8,356,1,
1298625208863760034,Mid-century Cozy Retreat W/D,47625981,Linda,,SEVENTH WARD,42.64882383528059,-73.7666466200598,Entire home/apt,119,1,1,2024-12-08,1,18,364,1,
1300644516303671513,Hope On The Hill,341431807,Rakee,,FIRST WARD,42.6310402282283,-73.77196507981581,Entire home/apt,90,1,2,2024-12-29,2,1,364,2,
1303756679339915039,Stylish Downtown Loft ‚Äì Just 1/2 Mile to MVP Arena,433096110,Brian,,THIRD WARD,42.64857778672964,-73.75282604419031,Entire home/apt,99,1,1,2025-01-01,1,4,350,1,
1308084493028885153,‚ÄòThe Blue Home‚Äô Private Bedroom 2 / 1 Full Bath,349460842,Scott,,TENTH WARD,42.66299894556866,-73.7825558531992,Private room,56,28,0,,,17,259,0,
1308111521841678866,‚ÄòThe Blue Home‚Äô Private Bedroom 4 / 1 Full Bath,349460842,Scott,,TENTH WARD,42.66239946679698,-73.78271260107455,Private room,56,30,0,,,17,364,0,
1310170283925918533,Private Room In Albany,663670719,Elhadj,,ELEVENTH WARD,42.66375890730826,-73.77674406705056,Private room,49,1,2,2024-12-31,2,3,199,2,
1312449079141263102,COZY  house,667142820,Sylvain Marco,,FIFTEENTH WARD,42.6694592,-73.8269249,Entire home/apt,250,30,0,,,1,364,0,
1319619558594743733,Prime Location - 1 Bedroom,559146397,Cathleen,,SIXTH WARD,42.65331,-73.76971,Entire home/apt,73,5,0,,,1,278,0,
1325491259534107672,Walk to Washington Park: Remote Work-Ready Apt!,121680792,Evolve,,SIXTH WARD,42.65481,-73.77287,Entire home/apt,96,2,0,,,6,364,0,
